,ID,Date,Main Cluster,Alternative Cluster 1,Alternative Cluster 2
0,28/09/2023,5524,3_3_2,1_3_2,1_0_2
1,28/09/2023,2174,1_2_3,0_2_3,3_2_3
2,28/09/2023,4141,1_0_0,1_0_2,1_3_0
3,28/09/2023,6182,3_1_3,0_1_3,3_2_3
4,28/09/2023,5324,1_2_1,3_3_2,1_2_2
5,28/09/2023,7446,2_3_0,2_0_0,2_1_0
6,28/09/2023,965,1_0_0,3_0_0,3_1_0
7,28/09/2023,6177,1_0_3,1_0_1,1_2_3
8,28/09/2023,4855,3_0_3,3_1_3,3_2_3
9,28/09/2023,5899,2_2_1,2_0_1,2_1_1
10,28/09/2023,1994,3_1_3,1_1_3,0_1_3
11,28/09/2023,387,0_1_1,3_1_1,0_0_1
12,28/09/2023,2125,3_3_2,1_3_2,3_0_2
13,28/09/2023,8180,2_0_1,2_1_1,2_2_1
14,28/09/2023,2569,3_1_3,0_1_3,3_1_1
15,28/09/2023,2114,2_3_0,2_3_2,1_0_0
16,28/09/2023,9736,1_2_1,1_2_3,3_2_1
17,28/09/2023,4939,3_1_3,0_0_3,3_0_3
18,28/09/2023,6565,1_0_2,1_3_2,1_0_0
19,28/09/2023,2278,0_2_1,0_1_1,0_2_3
20,28/09/2023,9360,3_0_3,0_0_3,3_1_3
21,28/09/2023,5376,3_3_0,1_3_0,1_3_2
22,28/09/2023,1993,2_1_2,2_3_2,2_0_1
23,28/09/2023,4047,2_0_0,2_1_0,2_0_3
24,28/09/2023,1409,2_2_1,2_2_2,2_0_1
25,28/09/2023,7892,3_2_1,0_2_1,3_1_1
26,28/09/2023,2404,2_2_3,2_0_3,2_0_1
27,28/09/2023,9422,3_1_3,3_2_3,0_2_3
28,28/09/2023,1966,3_3_2,1_3_2,3_3_0
29,28/09/2023,6864,3_0_3,3_0_1,3_1_3
30,28/09/2023,3033,1_3_1,0_3_1,3_3_1
31,28/09/2023,5710,2_1_3,2_2_3,2_0_3
32,28/09/2023,7373,3_2_3,1_2_3,3_2_1
33,28/09/2023,8755,3_3_0,1_3_0,3_0_0
34,28/09/2023,10738,1_1_1,1_0_1,1_1_3
35,28/09/2023,4339,2_3_0,2_0_0,2_3_2
36,28/09/2023,10755,0_2_1,0_2_3,3_2_1
37,28/09/2023,8595,2_1_1,2_2_1,2_2_3
38,28/09/2023,2968,1_3_2,1_0_2,1_3_0
39,28/09/2023,8601,3_3_0,3_0_0,1_3_0
40,28/09/2023,503,3_2_1,0_0_1,0_2_1
41,28/09/2023,8430,1_1_3,0_1_3,3_1_3
42,28/09/2023,7281,1_3_1,1_2_1,1_3_3
43,28/09/2023,2139,0_2_3,0_2_1,0_1_3
44,28/09/2023,1371,3_3_2,3_3_0,1_3_2
45,28/09/2023,9909,0_2_3,0_0_3,0_1_3
46,28/09/2023,7286,3_0_1,0_0_1,1_0_1
47,28/09/2023,7244,3_2_1,1_2_1,0_2_1
48,28/09/2023,6566,2_2_0,1_3_0,1_0_0
49,28/09/2023,8614,1_1_3,1_1_0,1_3_0
50,28/09/2023,4114,3_3_0,3_3_2,1_3_0
51,28/09/2023,1331,3_2_1,0_2_1,3_2_3
52,28/09/2023,2225,3_3_2,3_3_0,1_3_2
53,28/09/2023,9381,1_2_2,1_2_0,1_3_2
54,28/09/2023,6260,1_3_2,1_3_0,1_1_2
55,28/09/2023,10383,3_3_0,3_3_2,3_0_0
56,28/09/2023,7437,1_1_3,3_1_3,1_1_1
57,28/09/2023,8557,3_2_1,0_2_1,3_2_3
58,28/09/2023,8375,2_0_2,2_0_1,2_2_2
59,28/09/2023,6853,1_3_0,3_3_0,1_1_0
60,28/09/2023,3076,2_1_0,2_2_0,2_1_2
61,28/09/2023,1012,2_0_0,2_0_2,1_0_0
62,28/09/2023,6518,2_0_0,2_0_3,2_0_2
63,28/09/2023,4137,3_3_0,3_0_0,1_3_0
64,28/09/2023,8082,0_3_1,0_3_3,0_1_1
65,28/09/2023,1386,2_1_3,2_2_3,1_1_3
66,28/09/2023,9369,1_3_0,1_0_0,1_0_2
67,28/09/2023,4477,1_1_3,1_0_0,1_3_0
68,28/09/2023,1357,1_3_2,1_2_2,3_2_2
69,28/09/2023,1402,3_3_0,1_3_0,3_3_2
70,28/09/2023,10629,3_2_3,3_2_1,0_2_3
71,28/09/2023,6312,3_0_0,1_0_0,1_0_2
72,28/09/2023,8132,2_0_2,2_2_2,2_1_2
73,28/09/2023,1050,3_1_1,0_1_1,1_1_1
74,28/09/2023,5846,3_1_1,0_1_1,3_1_3
75,28/09/2023,1859,3_3_0,3_0_0,1_0_0
76,28/09/2023,7503,1_3_0,1_0_0,1_3_2
77,28/09/2023,1618,2_0_0,2_0_2,1_2_0
78,28/09/2023,3332,3_2_1,1_2_1,0_2_1
79,28/09/2023,2261,3_1_3,0_1_3,1_1_3
80,28/09/2023,5346,1_2_1,0_2_1,3_2_1
81,28/09/2023,4119,1_3_1,0_3_1,3_3_1
82,28/09/2023,535,3_3_0,1_3_0,3_1_0
83,28/09/2023,5268,3_1_1,1_1_1,3_2_1
84,28/09/2023,273,2_2_3,1_2_3,2_0_3
85,28/09/2023,4452,2_0_3,2_2_3,2_3_3
86,28/09/2023,8504,3_3_2,3_3_0,0_0_0
87,28/09/2023,771,2_3_1,2_1_1,1_3_1
88,28/09/2023,8996,3_2_0,3_2_3,1_0_0
89,28/09/2023,9235,3_1_3,0_1_3,1_1_3
90,28/09/2023,5798,1_3_2,1_3_0,2_3_1
91,28/09/2023,11178,1_1_1,3_1_1,1_1_3
92,28/09/2023,2230,1_2_1,1_2_3,1_1_3
93,28/09/2023,7516,0_1_3,3_1_3,0_2_3
94,28/09/2023,7247,2_0_2,2_0_1,2_2_2
95,28/09/2023,11100,2_2_3,1_2_3,2_1_3
96,28/09/2023,4646,3_3_0,0_1_2,1_3_0
97,28/09/2023,3037,3_0_3,0_1_3,1_0_0
98,28/09/2023,1473,2_2_3,1_2_3,2_1_3
99,28/09/2023,1016,2_2_3,2_2_1,1_2_3
100,28/09/2023,4518,3_0_2,1_0_2,3_3_2
101,28/09/2023,9370,1_0_2,1_3_2,1_0_0
102,28/09/2023,8908,3_3_0,3_3_2,1_3_0
103,28/09/2023,8373,0_1_1,3_1_1,1_1_1
104,28/09/2023,7533,2_2_3,2_0_3,2_2_1
105,28/09/2023,2683,3_3_2,3_0_2,3_1_2
106,28/09/2023,3629,1_0_3,1_2_3,1_1_3
107,28/09/2023,10991,1_0_0,1_3_0,2_0_0
108,28/09/2023,5077,1_3_0,2_3_0,3_3_0
109,28/09/2023,7431,2_0_0,2_3_0,1_3_0
110,28/09/2023,3267,2_0_0,2_0_2,2_0_3
111,28/09/2023,999,2_3_2,1_3_2,2_3_1
112,28/09/2023,9215,2_2_0,2_0_3,2_2_3
113,28/09/2023,2286,2_2_3,1_2_3,2_0_3
114,28/09/2023,1592,3_3_0,3_3_2,1_3_0
115,28/09/2023,367,3_0_1,0_2_1,3_0_2
116,28/09/2023,5234,0_1_1,0_2_1,3_0_1
117,28/09/2023,9862,0_2_3,3_2_3,3_1_3
118,28/09/2023,9805,1_1_2,1_3_2,1_1_1
119,28/09/2023,6205,1_2_3,1_2_1,1_1_3
120,28/09/2023,8442,3_1_1,0_1_1,1_1_1
121,28/09/2023,7386,3_1_1,1_1_1,0_1_1
122,28/09/2023,7215,2_3_2,1_3_2,2_3_0
123,28/09/2023,1491,3_3_1,3_3_2,1_3_1
124,28/09/2023,11071,3_3_0,3_3_2,1_3_0
125,28/09/2023,3381,2_1_1,2_2_1,2_1_3
126,28/09/2023,8268,2_0_3,2_1_3,2_0_1
127,28/09/2023,11051,2_1_2,2_0_2,2_3_2
128,28/09/2023,8026,3_3_0,3_3_3,1_0_0
129,28/09/2023,433,2_0_0,2_2_0,1_2_0
130,28/09/2023,9597,3_0_0,1_0_0,3_3_0
131,28/09/2023,1295,3_3_2,3_0_2,1_0_2
132,28/09/2023,5290,2_2_1,2_1_1,2_2_3
133,28/09/2023,1685,1_3_0,3_3_0,1_1_0
134,28/09/2023,5342,0_1_3,3_1_3,0_2_1
135,28/09/2023,9579,1_2_1,1_3_1,2_2_1
136,28/09/2023,7660,0_2_3,1_2_3,1_1_3
137,28/09/2023,1461,1_2_1,1_1_1,3_2_1
138,28/09/2023,821,1_1_0,1_3_0,2_1_0
139,28/09/2023,11084,2_3_0,2_2_3,2_3_2
140,28/09/2023,8690,3_3_2,3_3_0,0_0_0
141,28/09/2023,2937,2_0_0,2_3_0,2_0_2
142,28/09/2023,9701,0_0_3,0_2_3,0_3_3
143,28/09/2023,9949,2_3_0,2_0_0,1_3_0
144,28/09/2023,10837,0_1_3,3_1_1,0_0_3
145,28/09/2023,3120,3_1_3,0_1_3,3_1_1
146,28/09/2023,5885,3_2_1,1_2_1,3_2_3
147,28/09/2023,4050,3_1_1,1_1_1,3_1_3
148,28/09/2023,3830,2_3_1,1_3_2,2_3_2
149,28/09/2023,7987,2_0_1,2_0_2,2_3_1
150,28/09/2023,7798,2_0_3,1_0_3,2_3_3
151,28/09/2023,92,0_2_3,3_2_3,0_0_3
152,28/09/2023,7055,2_0_2,2_3_2,1_3_2
153,28/09/2023,10240,2_0_0,2_3_0,2_0_2
154,28/09/2023,3025,2_0_3,2_0_1,2_2_3
155,28/09/2023,9283,1_1_3,3_1_3,1_1_1
156,28/09/2023,9970,3_1_3,1_1_3,3_1_1
157,28/09/2023,2730,1_3_2,3_3_2,1_3_1
158,28/09/2023,2795,1_1_3,1_1_1,0_1_3
159,28/09/2023,9260,2_0_0,2_3_0,1_0_0
160,28/09/2023,8182,1_2_1,3_2_1,1_0_1
161,28/09/2023,10095,2_3_0,2_1_0,2_3_2
162,28/09/2023,8475,3_3_2,3_3_0,3_2_2
163,28/09/2023,4370,0_2_1,3_2_1,0_1_1
164,28/09/2023,10573,3_3_3,1_3_3,3_0_0
165,28/09/2023,3712,2_1_1,2_0_1,2_1_2
166,28/09/2023,6637,3_3_0,3_3_2,1_3_0
167,28/09/2023,3152,0_2_1,0_2_3,3_1_1
168,28/09/2023,5610,3_1_1,0_1_1,0_1_3
169,28/09/2023,6460,0_2_1,3_2_1,0_1_1
170,28/09/2023,1349,2_0_3,1_0_3,2_0_1
171,28/09/2023,1880,2_2_3,2_1_3,2_0_3
172,28/09/2023,641,2_3_1,1_3_1,0_3_1
173,28/09/2023,8717,1_0_2,1_3_2,1_0_0
174,28/09/2023,10314,2_0_2,2_3_2,1_3_2
175,28/09/2023,10854,1_2_1,2_2_1,1_2_3
176,28/09/2023,10492,3_1_1,0_1_1,1_1_1
177,28/09/2023,6935,3_3_0,0_1_2,1_3_0
178,28/09/2023,7698,2_0_1,2_1_1,2_2_1
179,28/09/2023,3559,0_2_1,3_2_1,3_1_1
180,28/09/2023,10562,2_1_0,2_3_0,2_0_0
181,28/09/2023,10796,2_1_3,2_2_3,2_3_3
182,28/09/2023,2563,0_1_1,3_0_1,3_1_1
183,28/09/2023,3518,3_3_3,0_3_1,3_1_3
184,28/09/2023,5823,2_1_1,2_1_3,2_2_1
185,28/09/2023,3934,2_0_3,2_0_0,1_0_3
186,28/09/2023,6982,1_3_0,1_3_2,3_3_0
187,28/09/2023,6431,1_2_3,1_2_1,2_2_3
188,28/09/2023,9733,0_3_1,0_3_3,0_1_1
189,28/09/2023,5602,3_3_2,1_3_2,3_0_2
190,28/09/2023,7829,0_0_1,0_2_1,0_1_1
191,28/09/2023,1324,3_0_1,0_0_1,0_2_1
192,28/09/2023,326,2_0_3,2_2_3,2_2_1
193,28/09/2023,7224,3_2_3,3_1_3,0_2_3
194,28/09/2023,6999,2_1_2,2_0_2,2_3_2
195,28/09/2023,9938,3_3_2,3_3_0,1_3_2
196,28/09/2023,6422,3_3_0,3_3_2,3_0_0
197,28/09/2023,3182,1_2_1,0_2_1,1_0_1
198,28/09/2023,7300,2_0_2,2_0_1,2_0_3
199,28/09/2023,10424,3_3_2,1_3_2,3_0_2
200,28/09/2023,8727,1_0_2,1_3_2,2_3_2
201,28/09/2023,2798,2_3_2,1_3_2,3_3_2
202,28/09/2023,1030,1_1_1,1_1_3,1_2_1
203,28/09/2023,624,0_3_3,0_1_3,0_3_1
204,28/09/2023,5176,0_1_1,3_1_1,0_1_3
205,28/09/2023,5552,3_2_1,3_2_3,0_2_1
206,28/09/2023,868,2_1_1,2_0_1,0_1_1
207,28/09/2023,380,2_0_0,1_0_0,2_0_2
208,28/09/2023,2677,3_2_3,0_2_3,3_2_1
209,28/09/2023,6521,1_3_0,1_3_2,2_3_0
210,28/09/2023,6927,2_2_1,2_2_3,2_1_1
211,28/09/2023,2877,2_2_0,2_2_2,2_2_3
212,28/09/2023,0,3_3_2,3_3_0,1_3_2
213,28/09/2023,1584,3_0_1,1_2_1,3_2_1
214,28/09/2023,7264,2_1_3,1_1_3,2_2_3
215,28/09/2023,6274,1_3_2,2_3_2,2_0_2
216,28/09/2023,1377,2_0_3,2_2_3,2_1_3
217,28/09/2023,454,2_0_2,2_0_0,1_0_2
218,28/09/2023,1755,3_1_1,1_1_1,0_1_1
219,28/09/2023,2075,3_3_2,3_3_0,1_3_2
220,28/09/2023,4785,2_1_0,2_3_0,2_0_0
221,28/09/2023,9076,2_2_3,2_0_3,2_2_1
222,28/09/2023,7079,2_0_0,2_3_0,2_1_0
223,28/09/2023,4653,2_2_3,2_0_3,2_1_3
224,28/09/2023,7375,2_0_1,2_2_1,2_3_1
225,28/09/2023,709,2_1_0,2_3_0,2_1_3
226,28/09/2023,460,1_3_2,3_3_2,1_3_0
227,28/09/2023,3726,3_1_1,1_1_1,0_1_1
228,28/09/2023,6798,1_2_0,1_2_3,1_2_2
229,28/09/2023,5341,1_0_0,2_0_0,1_0_2
230,28/09/2023,1606,3_1_1,0_1_1,0_1_3
231,28/09/2023,9617,0_1_3,3_1_3,1_1_3
232,28/09/2023,3233,1_3_2,3_3_2,2_3_2
233,28/09/2023,89,0_1_3,3_1_3,0_1_1
234,28/09/2023,2936,2_1_3,1_1_3,2_0_3
235,28/09/2023,9449,2_1_0,2_3_0,2_1_2
236,28/09/2023,7297,0_2_1,3_2_1,0_0_1
237,28/09/2023,11004,3_1_3,1_1_3,0_1_3
238,28/09/2023,313,1_3_2,3_3_2,1_0_2
239,28/09/2023,9940,3_0_2,3_3_2,1_0_2
240,28/09/2023,10735,1_0_1,1_1_1,3_0_1
241,28/09/2023,9529,3_3_0,1_3_0,3_3_2
242,28/09/2023,6439,2_0_0,2_2_0,3_2_0
243,28/09/2023,7411,1_1_3,2_1_3,2_2_3
244,28/09/2023,2176,2_0_0,2_2_0,1_3_0
245,28/09/2023,9265,2_0_2,2_0_0,1_0_2
246,28/09/2023,8867,1_3_2,3_3_2,0_0_0
247,28/09/2023,8932,1_0_2,1_3_2,2_0_2
248,28/09/2023,10236,3_2_1,0_2_1,3_2_3
249,28/09/2023,6340,0_1_1,0_2_1,3_1_1
250,28/09/2023,10089,3_3_0,1_3_0,3_3_2
251,28/09/2023,2227,3_1_1,0_2_1,3_0_1
252,28/09/2023,10992,1_3_2,1_0_0,1_0_2
253,28/09/2023,5304,2_1_3,2_2_3,3_1_3
254,28/09/2023,309,2_0_2,2_0_0,2_3_2
255,28/09/2023,3406,1_1_1,1_2_1,1_0_1
256,28/09/2023,2661,0_2_1,0_1_1,0_2_3
257,28/09/2023,3153,2_1_3,1_1_3,2_1_1
258,28/09/2023,10264,0_2_1,0_1_1,0_2_3
259,28/09/2023,1184,1_0_0,2_0_0,1_0_2
260,28/09/2023,4200,1_2_1,1_0_1,1_1_1
261,28/09/2023,9396,1_1_3,3_1_3,0_1_3
262,28/09/2023,2387,2_2_3,2_0_3,1_2_3
263,28/09/2023,6690,1_2_3,1_2_1,0_2_3
264,28/09/2023,1225,3_3_0,3_3_2,1_3_0
265,28/09/2023,9703,1_2_1,1_2_3,0_2_1
266,28/09/2023,291,3_3_0,3_3_2,1_3_0
267,28/09/2023,4557,0_3_3,0_2_3,0_3_1
268,28/09/2023,2379,1_3_0,1_0_0,3_3_0
269,28/09/2023,5726,3_2_3,0_2_3,3_2_1
270,28/09/2023,3066,2_0_3,2_0_0,2_2_3
271,28/09/2023,6336,3_2_1,0_2_1,0_2_3
272,28/09/2023,10967,3_2_3,3_2_1,1_2_3
273,28/09/2023,2304,2_1_2,2_1_0,2_2_2
274,28/09/2023,3445,3_0_2,3_3_2,1_0_2
275,28/09/2023,7828,3_3_0,3_3_2,3_3_3
276,28/09/2023,3762,3_3_0,1_3_0,3_3_2
277,28/09/2023,4391,2_0_2,2_0_0,2_3_2
278,28/09/2023,4669,0_2_3,3_2_3,1_2_3
279,28/09/2023,10144,2_0_1,2_2_1,2_3_1
280,28/09/2023,8652,3_1_3,0_0_3,3_0_3
281,28/09/2023,1672,1_1_1,1_0_1,1_0_2
282,28/09/2023,8962,2_2_3,2_1_3,1_2_3
283,28/09/2023,9974,0_0_1,3_0_1,0_2_1
284,28/09/2023,10983,3_1_0,3_3_0,3_1_2
285,28/09/2023,8148,3_2_2,1_2_2,3_2_1
286,28/09/2023,10102,3_3_0,1_3_0,3_3_2
287,28/09/2023,4697,2_0_1,2_0_3,2_1_1
288,28/09/2023,9262,1_1_3,3_1_3,0_1_3
289,28/09/2023,7254,3_2_1,1_2_1,3_2_3
290,28/09/2023,4543,1_3_0,1_3_2,1_0_0
291,28/09/2023,4927,3_2_1,0_2_1,1_2_1
292,28/09/2023,10451,1_1_3,0_1_3,0_2_1
293,28/09/2023,2926,2_3_2,2_0_2,2_1_2
294,28/09/2023,2874,3_1_3,0_1_3,1_1_3
295,28/09/2023,9738,2_0_3,2_0_1,1_0_1
296,28/09/2023,7119,1_3_0,1_3_2,3_3_0
297,28/09/2023,3924,2_0_0,2_1_0,2_3_0
298,28/09/2023,5827,2_2_1,1_2_1,2_2_3
299,28/09/2023,5596,2_0_0,2_0_2,2_3_0
300,28/09/2023,10812,3_2_1,3_1_1,1_1_1
301,28/09/2023,1717,3_0_3,3_0_1,3_2_3
302,28/09/2023,9491,0_2_1,3_2_1,0_2_3
303,28/09/2023,9274,1_3_0,3_3_0,1_0_0
304,28/09/2023,6609,0_0_1,3_0_1,0_1_1
305,28/09/2023,6963,1_3_2,1_3_0,3_3_2
306,28/09/2023,4440,2_0_2,2_0_1,2_0_0
307,28/09/2023,1379,2_0_3,1_0_3,2_2_3
308,28/09/2023,10032,0_2_1,0_2_3,0_1_1
309,28/09/2023,2826,2_2_3,1_2_3,2_0_3
310,28/09/2023,2437,1_3_2,1_3_0,3_2_0
311,28/09/2023,6320,1_3_0,1_3_2,3_3_0
312,28/09/2023,3050,2_2_3,2_0_3,1_2_3
313,28/09/2023,231,2_2_1,2_1_1,2_1_3
314,28/09/2023,2392,1_0_1,1_2_1,1_3_1
315,28/09/2023,9478,3_3_0,3_3_3,1_3_3
316,28/09/2023,113,1_1_3,1_1_1,3_1_3
317,28/09/2023,2863,2_1_2,2_2_2,2_1_1
318,28/09/2023,1802,2_1_0,1_1_0,2_3_0
319,28/09/2023,520,0_1_1,3_1_1,0_1_3
320,28/09/2023,8275,2_1_3,2_1_1,0_0_0
321,28/09/2023,9750,1_0_0,2_0_0,1_0_2
322,28/09/2023,2607,2_0_2,2_2_2,2_0_0
323,28/09/2023,7214,2_3_2,1_3_2,2_3_0
324,28/09/2023,5835,3_2_3,3_2_1,0_2_3
325,28/09/2023,3896,1_1_3,1_2_3,3_1_3
326,28/09/2023,10350,2_1_3,2_1_1,2_1_2
327,28/09/2023,7786,1_2_3,3_2_1,1_0_3
328,28/09/2023,2861,1_1_1,0_1_1,3_1_1
329,28/09/2023,663,1_1_3,3_1_3,1_0_3
330,28/09/2023,10675,2_0_2,2_0_0,2_0_1
331,28/09/2023,2521,1_3_3,0_3_1,2_3_3
332,28/09/2023,9592,1_2_1,3_2_1,1_1_1
333,28/09/2023,10151,3_3_0,3_3_2,3_0_0
334,28/09/2023,7381,1_0_0,2_0_0,1_0_2
335,28/09/2023,4099,0_1_3,3_1_3,1_1_3
336,28/09/2023,9560,1_3_0,3_0_0,3_3_0
337,28/09/2023,1150,1_3_0,3_3_0,1_3_2
338,28/09/2023,10172,3_3_2,1_3_2,0_3_1
339,28/09/2023,11191,3_1_3,1_1_3,0_1_3
340,28/09/2023,9707,2_1_2,2_0_1,2_0_2
341,28/09/2023,6245,2_3_1,2_1_1,2_3_2
342,28/09/2023,8234,3_1_3,0_1_3,1_1_3
343,28/09/2023,1411,3_3_2,1_3_2,3_3_1
344,28/09/2023,8553,2_1_1,2_1_3,2_2_1
345,28/09/2023,1826,3_3_0,3_3_2,1_3_0
346,28/09/2023,8842,3_2_3,0_2_3,3_2_1
347,28/09/2023,11030,2_1_1,1_1_1,2_0_1
348,28/09/2023,2579,1_3_2,1_0_2,2_0_2
349,28/09/2023,175,1_0_2,1_0_1,0_0_0
350,28/09/2023,9185,1_3_0,3_3_0,1_3_2
351,28/09/2023,11056,1_3_0,3_3_0,1_3_2
352,28/09/2023,9365,2_0_2,2_2_2,2_0_0
353,28/09/2023,6201,1_2_3,1_2_1,3_2_3
354,28/09/2023,2061,2_1_1,2_0_1,2_1_3
355,28/09/2023,6184,3_3_0,3_1_2,3_3_2
356,28/09/2023,6142,2_0_2,2_3_2,2_0_0
357,28/09/2023,4107,2_3_1,2_0_1,1_2_1
358,28/09/2023,7274,3_3_2,1_3_2,1_3_0
359,28/09/2023,9336,2_1_0,2_0_0,2_3_0
360,28/09/2023,2958,3_2_1,0_2_1,3_1_1
361,28/09/2023,933,1_1_3,3_1_3,0_1_3
362,28/09/2023,5837,1_2_2,1_2_0,1_2_1
363,28/09/2023,10704,2_0_2,2_0_1,2_1_1
364,28/09/2023,5125,3_3_2,3_3_0,2_3_2
365,28/09/2023,4432,3_2_1,0_2_1,3_2_3
366,28/09/2023,5955,1_3_0,1_1_0,1_0_0
367,28/09/2023,2928,2_3_2,2_1_2,2_0_2
368,28/09/2023,5680,3_1_1,0_1_1,1_1_1
369,28/09/2023,10313,2_2_1,2_0_1,1_2_1
370,28/09/2023,2557,0_3_1,0_1_1,0_3_3
371,28/09/2023,1245,2_1_0,2_1_2,2_3_0
372,28/09/2023,1519,1_2_3,1_2_0,1_2_1
373,28/09/2023,10703,1_2_1,2_2_1,3_2_1
374,28/09/2023,1726,0_3_3,0_3_1,0_2_3
375,28/09/2023,4459,3_1_3,1_1_3,3_1_1
376,28/09/2023,1729,2_3_0,2_0_0,1_3_0
377,28/09/2023,1517,0_1_1,3_1_1,0_1_3
378,28/09/2023,2098,1_1_3,2_1_3,3_1_3
379,28/09/2023,9543,0_1_1,3_1_1,3_1_3
380,28/09/2023,6878,3_2_3,0_0_3,0_2_3
381,28/09/2023,3310,3_2_1,1_2_1,3_2_3
382,28/09/2023,2724,2_1_3,2_3_3,2_3_1
383,28/09/2023,948,0_2_3,0_3_3,0_3_1
384,28/09/2023,6720,2_0_3,2_0_0,2_0_1
385,28/09/2023,6202,2_1_2,1_3_2,2_3_2
386,28/09/2023,2066,2_0_1,2_2_1,2_1_1
387,28/09/2023,9799,2_1_2,2_1_0,2_3_2
388,28/09/2023,8318,3_3_0,1_3_0,0_0_0
389,28/09/2023,5642,1_1_3,3_1_3,1_2_3
390,28/09/2023,2669,3_3_2,1_3_2,3_3_1
391,28/09/2023,455,1_0_1,1_2_1,1_3_1
392,28/09/2023,7683,2_1_2,2_3_2,1_0_2
393,28/09/2023,3428,1_3_2,1_3_0,3_3_2
394,28/09/2023,7414,1_2_3,1_2_1,3_2_3
395,28/09/2023,6354,0_2_1,3_1_1,0_2_3
396,28/09/2023,798,0_1_1,3_1_1,1_1_1
397,28/09/2023,8213,0_2_1,0_2_3,0_3_1
398,28/09/2023,2488,3_2_1,0_2_1,1_2_1
399,28/09/2023,9999,1_0_0,1_0_2,2_0_0
400,28/09/2023,7617,1_2_1,1_2_3,1_1_1
401,28/09/2023,615,0_0_3,3_0_3,0_2_3
402,28/09/2023,2552,2_2_0,2_2_3,2_2_2
403,28/09/2023,194,1_1_1,3_1_1,1_2_1
404,28/09/2023,3645,3_2_3,0_2_3,3_2_1
405,28/09/2023,8890,1_0_3,1_0_1,1_2_3
406,28/09/2023,5049,3_0_3,3_1_3,3_2_3
407,28/09/2023,9973,2_0_3,2_0_0,2_0_1
408,28/09/2023,7301,0_0_1,0_2_1,0_1_1
409,28/09/2023,10882,1_3_2,1_0_2,3_3_2
410,28/09/2023,7030,2_3_0,2_0_0,1_3_0
411,28/09/2023,7422,0_2_1,3_0_1,0_0_1
412,28/09/2023,3523,1_3_2,3_3_2,1_0_2
413,28/09/2023,7106,3_3_2,1_3_2,3_3_0
414,28/09/2023,6504,0_2_3,0_2_1,0_1_3
415,28/09/2023,5067,2_3_0,2_1_0,1_3_0
416,28/09/2023,4216,1_3_0,2_3_0,1_0_0
417,28/09/2023,8581,2_2_0,2_0_0,2_2_2
418,28/09/2023,5929,3_2_3,3_2_1,1_2_3
419,28/09/2023,3129,0_1_3,3_1_3,0_2_3
420,28/09/2023,6528,0_1_1,3_1_1,1_1_1
421,28/09/2023,1361,2_3_0,1_3_0,2_1_0
422,28/09/2023,6932,1_3_2,1_0_2,1_3_0
423,28/09/2023,7284,1_1_3,3_1_3,1_1_1
424,28/09/2023,1340,3_3_0,1_3_0,3_3_2
425,28/09/2023,8746,2_3_0,1_3_0,1_3_2
426,28/09/2023,5987,0_1_1,0_2_1,3_1_1
427,28/09/2023,3767,1_3_0,1_1_0,1_0_0
428,28/09/2023,3725,2_3_0,1_3_0,2_3_2
429,28/09/2023,4324,1_0_3,1_2_0,1_2_3
430,28/09/2023,238,1_2_2,1_3_2,1_0_2
431,28/09/2023,6694,1_0_0,1_1_0,1_3_0
432,28/09/2023,498,1_1_3,1_2_3,3_1_3
433,28/09/2023,9347,2_1_3,2_2_3,1_0_3
434,28/09/2023,9699,1_1_0,1_0_0,1_3_0
435,28/09/2023,10664,2_0_3,2_0_0,2_0_1
436,28/09/2023,5455,2_2_1,2_2_3,2_1_1
437,28/09/2023,456,0_2_1,0_1_1,0_2_3
438,28/09/2023,5012,3_1_1,0_1_1,3_1_3
439,28/09/2023,7495,1_1_1,1_1_3,1_2_1
440,28/09/2023,5029,0_1_3,3_1_3,1_1_3
441,28/09/2023,10642,3_1_3,1_1_3,3_1_1
442,28/09/2023,2106,0_1_1,0_1_3,0_2_1
443,28/09/2023,10364,0_1_1,3_1_1,1_1_1
444,28/09/2023,5954,3_0_1,1_0_1,3_0_3
445,28/09/2023,1137,3_3_2,3_3_0,1_3_2
446,28/09/2023,2541,3_2_3,0_2_3,0_1_3
447,28/09/2023,1142,1_1_1,1_1_3,1_1_2
448,28/09/2023,2276,1_3_2,3_3_2,1_0_2
449,28/09/2023,2807,2_3_0,1_3_0,2_0_0
450,28/09/2023,6471,3_1_3,1_1_3,3_1_1
451,28/09/2023,6131,3_1_1,1_1_1,3_3_2
452,28/09/2023,6233,1_0_0,1_1_0,3_0_0
453,28/09/2023,4148,1_2_1,3_2_1,1_2_2
454,28/09/2023,4947,3_3_0,3_0_0,3_3_2
455,28/09/2023,3225,1_2_1,3_2_1,0_2_1
456,28/09/2023,7540,1_1_1,1_1_3,3_1_1
457,28/09/2023,10648,3_3_2,3_0_2,1_3_0
458,28/09/2023,1992,1_1_3,1_0_0,1_3_0
459,28/09/2023,7851,3_3_2,3_0_2,0_1_2
460,28/09/2023,8594,2_0_3,2_2_3,2_0_1
461,28/09/2023,7059,3_3_0,3_3_2,1_3_0
462,28/09/2023,2815,0_0_3,3_0_3,0_2_3
463,28/09/2023,2416,1_3_2,1_3_0,3_3_2
464,28/09/2023,7999,2_3_0,1_3_0,2_0_0
465,28/09/2023,9213,3_1_3,1_1_3,0_1_3
466,28/09/2023,9697,1_0_2,1_0_1,1_2_1
467,28/09/2023,3916,2_1_2,2_0_2,2_1_1
468,28/09/2023,2021,1_3_0,3_3_0,1_3_2
469,28/09/2023,1581,3_1_3,0_1_3,3_1_1
470,28/09/2023,564,2_2_2,2_3_2,2_0_2
471,28/09/2023,6619,1_1_1,1_2_1,1_1_3
472,28/09/2023,9081,0_3_1,0_3_3,0_0_1
473,28/09/2023,178,1_0_0,1_1_0,1_3_0
474,28/09/2023,916,2_1_1,1_1_1,2_1_3
475,28/09/2023,5512,2_0_3,2_0_0,2_3_3
476,28/09/2023,8970,2_0_1,2_0_2,2_1_1
477,28/09/2023,10581,2_2_3,2_2_0,2_2_2
478,28/09/2023,5300,0_0_1,0_3_1,3_0_1
479,28/09/2023,5154,1_1_1,1_1_3,2_1_1
480,28/09/2023,8346,1_0_3,2_0_3,1_2_3
481,28/09/2023,1676,2_2_3,2_0_3,2_1_3
482,28/09/2023,9286,1_3_2,2_3_2,1_0_2
483,28/09/2023,2426,1_3_0,2_3_0,1_0_0
484,28/09/2023,5172,2_3_0,1_3_0,2_3_2
485,28/09/2023,5562,2_0_2,2_1_2,2_0_1
486,28/09/2023,3436,1_1_3,3_1_3,1_1_1
487,28/09/2023,3921,3_0_1,0_0_1,1_0_1
488,28/09/2023,3403,1_3_0,1_0_0,1_1_0
489,28/09/2023,22,1_0_1,1_0_3,1_1_1
490,28/09/2023,10965,1_3_2,1_1_2,3_3_2
491,28/09/2023,9426,2_3_2,2_2_2,2_0_1
492,28/09/2023,6605,2_0_2,2_3_2,2_3_0
493,28/09/2023,3136,1_1_2,1_3_2,1_0_2
494,28/09/2023,8737,2_1_3,2_0_3,2_1_1
495,28/09/2023,11088,2_3_2,1_3_2,2_3_0
496,28/09/2023,716,1_3_2,1_3_0,1_0_2
497,28/09/2023,466,1_1_0,1_0_0,1_3_0
498,28/09/2023,9135,0_2_1,3_2_1,0_3_1
499,28/09/2023,10623,2_1_3,2_2_3,0_0_0
500,28/09/2023,8151,0_0_3,0_2_3,0_0_1
501,28/09/2023,5140,2_1_2,2_0_2,2_0_1
502,28/09/2023,10160,2_1_3,2_2_3,1_0_3
503,28/09/2023,4945,2_0_0,2_0_2,2_2_2
504,28/09/2023,10584,3_3_2,1_3_2,3_0_2
505,28/09/2023,6071,1_3_2,3_3_2,1_1_2
506,28/09/2023,3386,3_1_1,1_1_1,1_2_1
507,28/09/2023,8939,1_1_2,1_3_2,1_1_0
508,28/09/2023,9925,2_2_1,1_0_1,1_2_1
509,28/09/2023,4320,3_1_0,3_3_0,1_1_0
510,28/09/2023,5389,2_0_1,2_0_3,1_1_1
511,28/09/2023,6036,1_3_2,2_3_2,3_3_2
512,28/09/2023,182,2_0_1,2_0_3,2_0_2
513,28/09/2023,203,1_3_0,3_3_0,1_3_2
514,28/09/2023,11025,1_2_3,1_2_1,2_2_3
515,28/09/2023,10203,0_1_1,3_1_1,1_1_1
516,28/09/2023,4607,3_3_0,1_3_0,3_3_2
517,28/09/2023,3711,1_0_0,1_3_0,1_1_0
518,28/09/2023,3696,1_2_1,3_2_1,1_2_3
519,28/09/2023,2532,1_3_2,2_3_2,1_0_2
520,28/09/2023,9214,1_0_3,2_0_3,1_1_3
521,28/09/2023,4943,2_3_2,2_1_2,1_3_2
522,28/09/2023,35,0_2_3,0_3_3,0_3_1
523,28/09/2023,2258,3_1_1,0_1_1,1_1_1
524,28/09/2023,4322,2_3_0,1_3_0,2_1_0
525,28/09/2023,713,3_3_1,3_3_2,3_1_1
526,28/09/2023,4702,1_3_0,1_3_2,2_3_2
527,28/09/2023,3281,1_2_1,1_2_2,1_1_1
528,28/09/2023,702,1_1_1,1_2_1,3_0_1
529,28/09/2023,2004,1_3_2,1_3_0,2_3_2
530,28/09/2023,4769,2_2_2,2_0_2,2_0_1
531,28/09/2023,4437,1_3_1,1_2_1,1_0_1
532,28/09/2023,8724,3_2_1,0_2_1,3_2_3
533,28/09/2023,10741,1_0_1,1_0_3,1_1_1
534,28/09/2023,1991,2_2_3,2_0_3,2_1_3
535,28/09/2023,6931,1_0_0,1_3_0,1_0_2
536,28/09/2023,11096,1_1_1,2_1_3,0_1_1
537,28/09/2023,304,0_2_1,3_2_1,3_2_3
538,28/09/2023,3665,0_2_3,0_0_3,0_2_1
539,28/09/2023,10591,3_0_3,3_2_3,3_0_1
540,28/09/2023,5036,2_3_3,2_2_3,2_0_3
541,28/09/2023,5547,2_3_0,2_0_0,2_3_2
542,28/09/2023,7822,3_3_2,1_3_2,3_3_0
543,28/09/2023,8541,3_1_1,0_1_1,0_2_1
544,28/09/2023,10955,3_3_2,3_3_0,1_3_2
545,28/09/2023,4368,3_0_1,3_1_1,1_0_1
546,28/09/2023,9671,0_2_3,0_0_3,0_2_1
547,28/09/2023,2256,2_1_3,2_2_3,1_1_3
548,28/09/2023,4279,0_2_1,0_1_1,3_1_1
549,28/09/2023,5371,0_0_3,3_0_3,0_2_3
550,28/09/2023,9240,2_0_1,2_0_2,2_0_3
551,28/09/2023,9460,0_0_1,3_0_1,0_2_3
552,28/09/2023,9504,3_3_0,3_3_2,1_3_0
553,28/09/2023,8692,3_2_1,3_2_3,1_2_3
554,28/09/2023,448,1_1_2,1_0_2,3_0_2
555,28/09/2023,8314,3_3_0,3_3_2,1_3_0
556,28/09/2023,8420,0_1_3,0_2_3,3_1_3
557,28/09/2023,3174,2_3_2,1_3_2,2_0_2
558,28/09/2023,7685,1_1_3,0_1_3,1_0_3
559,28/09/2023,3179,3_3_2,3_0_2,3_3_0
560,28/09/2023,9780,1_1_0,1_0_0,1_3_0
561,28/09/2023,10681,3_3_0,3_0_0,3_1_0
562,28/09/2023,10232,1_1_3,1_0_3,1_1_1
563,28/09/2023,4184,2_3_3,2_0_3,2_2_3
564,28/09/2023,9120,2_1_2,2_3_2,2_2_2
565,28/09/2023,891,1_1_1,2_1_1,0_1_1
566,28/09/2023,10381,2_1_3,1_1_3,2_1_1
567,28/09/2023,3525,2_1_3,1_1_3,2_1_1
568,28/09/2023,6818,3_2_3,1_2_3,3_2_1
569,28/09/2023,3526,2_1_1,2_1_3,2_2_1
570,28/09/2023,8181,3_0_3,0_2_3,3_0_1
571,28/09/2023,1029,2_0_3,2_0_1,2_2_3
572,28/09/2023,7369,3_2_1,3_2_3,1_2_1
573,28/09/2023,2574,2_0_0,2_3_0,1_3_0
574,28/09/2023,8159,2_0_3,2_2_3,1_2_3
575,28/09/2023,1160,3_2_3,3_2_1,0_2_3
576,28/09/2023,10242,2_1_3,2_2_3,2_1_1
577,28/09/2023,5253,1_2_1,2_2_1,1_1_1
578,28/09/2023,5966,2_2_1,2_2_3,2_1_1
579,28/09/2023,5314,2_2_1,2_2_2,2_0_1
580,28/09/2023,5081,3_1_1,1_1_1,0_1_1
581,28/09/2023,5123,0_0_1,0_2_1,0_1_1
582,28/09/2023,5756,2_2_1,2_1_1,2_2_3
583,28/09/2023,8036,1_2_3,0_2_3,2_2_3
584,28/09/2023,9058,1_3_2,3_3_2,2_3_2
585,28/09/2023,5057,1_3_2,1_1_2,3_3_2
586,28/09/2023,254,2_0_3,2_0_1,2_3_3
587,28/09/2023,4179,0_1_1,3_1_1,0_2_1
588,28/09/2023,3710,3_2_3,0_2_3,3_2_1
589,28/09/2023,7627,3_3_0,1_3_0,3_3_2
590,28/09/2023,4501,3_3_2,3_3_0,3_0_2
591,28/09/2023,6424,0_1_3,3_1_3,1_1_3
592,28/09/2023,3075,3_3_3,3_1_3,3_3_0
593,28/09/2023,4992,0_2_3,0_2_1,3_2_3
594,28/09/2023,5252,3_1_1,0_1_1,1_1_1
595,28/09/2023,7444,1_1_3,2_1_3,1_1_1
596,28/09/2023,6919,0_2_3,3_2_3,0_1_3
597,28/09/2023,3537,3_2_1,0_2_1,1_2_1
598,28/09/2023,10277,2_1_3,2_1_1,1_1_3
599,28/09/2023,2453,2_1_2,1_1_2,2_1_0
600,28/09/2023,7972,3_3_2,3_1_2,1_3_2
601,28/09/2023,895,2_1_2,2_1_0,1_1_2
602,28/09/2023,1177,2_2_1,1_2_1,2_2_3
603,28/09/2023,7141,1_0_3,1_2_3,0_0_3
604,28/09/2023,7232,2_1_1,2_2_1,2_2_3
605,28/09/2023,8477,3_1_1,0_1_1,3_1_3
606,28/09/2023,2457,0_1_3,0_2_3,3_1_3
607,28/09/2023,988,3_0_2,3_3_2,3_0_0
608,28/09/2023,7930,1_1_1,1_2_1,3_1_1
609,28/09/2023,4587,1_1_1,1_2_1,2_1_1
610,28/09/2023,6682,0_1_3,0_1_1,3_1_3
611,28/09/2023,6222,2_2_3,1_2_3,2_0_3
612,28/09/2023,10299,1_1_2,1_3_2,1_0_2
613,28/09/2023,3083,1_2_1,1_2_2,1_0_1
614,28/09/2023,8953,2_1_1,2_2_1,0_1_3
615,28/09/2023,8650,0_1_3,3_1_3,1_1_3
616,28/09/2023,10862,1_1_3,1_2_3,0_1_1
617,28/09/2023,2782,2_0_3,2_0_1,2_1_3
618,28/09/2023,6941,0_0_1,0_2_1,0_1_1
619,28/09/2023,10972,2_3_2,1_3_2,2_0_2
620,28/09/2023,10708,3_1_1,0_1_1,3_1_3
621,28/09/2023,6583,1_3_2,3_3_2,1_3_0
622,28/09/2023,3641,3_2_1,0_2_1,3_1_1
623,28/09/2023,10156,3_0_2,3_3_2,1_0_2
624,28/09/2023,4299,1_3_0,1_0_0,1_0_2
625,28/09/2023,3469,3_2_1,0_2_1,0_0_3
626,28/09/2023,5063,3_2_1,3_0_1,1_0_1
627,28/09/2023,10727,2_1_0,2_1_2,2_3_0
628,28/09/2023,9624,1_3_0,2_3_0,1_3_2
629,28/09/2023,5156,3_3_0,3_0_0,3_1_0
630,28/09/2023,4376,0_1_3,0_0_3,0_2_3
631,28/09/2023,8923,3_3_0,3_3_2,1_3_0
632,28/09/2023,8461,2_1_3,1_1_1,2_1_1
633,28/09/2023,6945,3_3_2,1_3_2,3_3_0
634,28/09/2023,944,3_1_3,1_1_3,0_1_3
635,28/09/2023,1907,2_0_2,2_0_0,1_0_2
636,28/09/2023,701,1_0_2,1_3_2,1_2_2
637,28/09/2023,3856,2_1_2,1_3_2,2_3_2
638,28/09/2023,4149,3_3_2,1_3_2,1_3_0
639,28/09/2023,2131,2_0_0,2_0_2,1_0_0
640,28/09/2023,2942,2_0_3,2_2_3,2_3_1
641,28/09/2023,1173,1_0_2,1_3_2,1_3_0
642,28/09/2023,4381,2_2_1,2_1_1,2_0_3
643,28/09/2023,4611,2_3_0,1_3_0,1_0_0
644,28/09/2023,3376,1_1_3,2_1_3,1_0_1
645,28/09/2023,4679,2_3_0,1_3_0,1_3_2
646,28/09/2023,10928,2_0_3,2_0_0,2_0_1
647,28/09/2023,4248,1_3_0,3_3_0,1_3_2
648,28/09/2023,6728,3_1_3,3_2_1,3_2_3
649,28/09/2023,6661,1_0_2,1_3_2,2_3_2
650,28/09/2023,4725,1_1_1,3_1_1,1_1_3
651,28/09/2023,3277,1_0_3,1_2_3,2_0_3
652,28/09/2023,2564,2_2_1,2_0_1,2_1_1
653,28/09/2023,946,3_1_1,0_2_1,3_0_1
654,28/09/2023,3867,3_0_0,1_0_0,3_3_0
655,28/09/2023,6940,1_2_1,2_2_1,0_0_1
656,28/09/2023,55,2_0_2,2_2_2,2_0_0
657,28/09/2023,7093,0_1_1,3_1_1,3_1_3
658,28/09/2023,5084,1_1_2,1_3_2,1_0_0
659,28/09/2023,1777,0_1_3,3_1_3,1_1_3
660,28/09/2023,8162,3_1_1,1_1_1,0_1_1
661,28/09/2023,10826,0_3_1,0_1_1,2_3_3
662,28/09/2023,8754,2_1_3,2_1_1,1_0_3
663,28/09/2023,1987,0_2_3,0_1_3,3_2_3
664,28/09/2023,11007,2_1_3,1_1_3,0_0_0
665,28/09/2023,7426,1_2_1,1_1_1,2_2_1
666,28/09/2023,9153,3_3_2,1_3_2,3_3_0
667,28/09/2023,10379,1_2_2,1_3_2,1_2_1
668,28/09/2023,9204,3_3_0,1_3_0,1_0_0
669,28/09/2023,3197,1_0_0,1_3_0,3_3_0
670,28/09/2023,2920,2_3_2,2_1_2,2_0_2
671,28/09/2023,6961,3_1_3,0_1_3,1_1_3
672,28/09/2023,4673,2_0_0,1_0_0,2_0_1
673,28/09/2023,9937,3_1_1,1_1_1,1_1_2
674,28/09/2023,8779,3_2_3,3_0_3,3_2_1
675,28/09/2023,9596,1_1_0,2_1_0,1_3_0
676,28/09/2023,2891,2_3_2,2_0_2,1_3_2
677,28/09/2023,4910,1_0_2,1_0_0,2_0_2
678,28/09/2023,75,3_0_3,3_2_3,0_1_3
679,28/09/2023,10120,1_1_1,1_2_1,1_0_1
680,28/09/2023,6327,1_3_2,3_3_2,1_3_0
681,28/09/2023,10142,1_1_2,2_1_0,2_1_2
682,28/09/2023,9826,3_3_2,1_3_2,1_0_2
683,28/09/2023,1501,3_3_0,3_0_0,3_3_2
684,28/09/2023,10767,1_3_0,1_1_0,1_3_2
685,28/09/2023,7279,3_3_0,3_3_2,1_3_0
686,28/09/2023,7230,2_2_2,2_0_2,2_2_1
687,28/09/2023,143,1_0_2,1_3_2,1_0_0
688,28/09/2023,450,3_3_1,1_3_1,0_3_1
689,28/09/2023,9316,0_1_3,3_1_3,0_2_3
690,28/09/2023,6379,2_2_3,1_3_3,2_3_1
691,28/09/2023,9239,2_1_1,2_0_1,2_1_2
692,28/09/2023,8315,3_1_1,0_1_1,1_1_1
693,28/09/2023,2868,3_2_3,3_2_1,1_2_3
694,28/09/2023,10888,1_0_0,1_3_0,1_0_2
695,28/09/2023,1277,1_3_0,1_0_0,3_0_0
696,28/09/2023,9977,1_0_2,1_3_2,3_0_2
697,28/09/2023,10196,3_0_0,1_0_0,3_0_2
698,28/09/2023,6384,2_1_0,1_1_0,2_3_0
699,28/09/2023,8029,2_3_0,1_3_0,2_0_0
700,28/09/2023,968,1_2_3,1_0_3,2_0_3
701,28/09/2023,6988,1_0_2,1_0_1,0_0_0
702,28/09/2023,4472,1_1_3,0_1_3,1_3_3
703,28/09/2023,6991,2_0_2,2_0_0,2_2_2
704,28/09/2023,3336,2_3_2,1_3_2,2_3_1
705,28/09/2023,4301,1_3_3,0_3_1,2_3_3
706,28/09/2023,1940,0_1_3,3_1_3,0_1_1
707,28/09/2023,1272,2_0_2,2_0_0,2_3_2
708,28/09/2023,1388,0_2_3,0_0_3,0_1_3
709,28/09/2023,1044,1_3_0,1_0_0,2_3_0
710,28/09/2023,6969,1_2_1,3_2_1,0_2_1
711,28/09/2023,10479,1_3_2,1_0_2,1_1_1
712,28/09/2023,3619,3_0_0,3_3_0,1_0_0
713,28/09/2023,1715,3_2_3,0_2_3,0_2_1
714,28/09/2023,10159,1_0_2,3_3_2,3_0_2
715,28/09/2023,1463,1_1_3,3_1_3,1_1_1
716,28/09/2023,5114,2_3_0,2_0_0,1_3_0
717,28/09/2023,4990,2_0_2,2_0_0,2_0_1
718,28/09/2023,4329,3_1_3,3_2_3,0_1_3
719,28/09/2023,10936,3_3_2,3_0_2,1_3_2
720,28/09/2023,4692,0_2_3,0_2_1,0_0_3
721,28/09/2023,7212,2_1_1,2_0_1,0_1_1
722,28/09/2023,6086,3_3_2,1_3_2,1_0_2
723,28/09/2023,437,3_3_0,1_3_0,3_3_2
724,28/09/2023,11171,2_2_2,2_2_1,2_0_1
725,28/09/2023,11101,1_0_0,1_3_0,1_0_2
726,28/09/2023,5329,2_1_3,1_1_3,1_1_1
727,28/09/2023,610,2_2_2,2_2_1,2_0_2
728,28/09/2023,9384,1_2_2,1_2_0,1_3_2
729,28/09/2023,5956,1_2_1,1_0_1,1_2_3
730,28/09/2023,10430,2_0_0,2_3_0,2_3_2
731,28/09/2023,7875,1_3_0,3_3_0,1_3_2
732,28/09/2023,7072,3_0_2,3_3_2,1_0_2
733,28/09/2023,6255,1_1_3,3_3_3,1_3_3
734,28/09/2023,6516,0_1_3,1_1_3,0_1_1
735,28/09/2023,5564,3_0_0,1_3_0,3_3_0
736,28/09/2023,5682,2_3_0,2_0_0,1_3_0
737,28/09/2023,7458,1_0_3,1_2_3,2_0_3
738,28/09/2023,5237,1_2_1,1_2_3,3_2_1
739,28/09/2023,7761,0_2_1,0_1_1,3_0_1
740,28/09/2023,5278,3_3_2,3_3_0,1_3_2
741,28/09/2023,3560,1_3_2,2_3_2,1_1_0
742,28/09/2023,7235,0_2_3,3_2_3,0_1_3
743,28/09/2023,10548,3_3_0,1_1_0,1_1_3
744,28/09/2023,2281,0_1_3,3_1_3,0_1_1
745,28/09/2023,4073,2_3_0,1_3_0,2_0_0
746,28/09/2023,6974,3_3_2,1_3_2,3_3_0
747,28/09/2023,7938,2_1_1,2_0_1,2_1_2
748,28/09/2023,7094,1_1_2,1_3_2,1_0_0
749,28/09/2023,3667,1_0_0,1_3_0,3_3_0
750,28/09/2023,7723,1_0_2,1_3_2,3_3_2
751,28/09/2023,3870,3_1_0,3_3_0,3_0_0
752,28/09/2023,4012,1_3_2,1_0_2,1_3_0
753,28/09/2023,5909,2_3_0,2_0_0,2_2_3
754,28/09/2023,10470,1_2_3,1_0_3,1_1_3
755,28/09/2023,6488,2_3_1,2_0_1,2_0_2
756,28/09/2023,10270,3_0_3,3_0_1,0_2_3
757,28/09/2023,6887,1_0_0,1_0_2,1_0_3
758,28/09/2023,6406,1_3_0,1_0_0,1_1_0
759,28/09/2023,7573,2_0_3,2_2_3,1_2_3
760,28/09/2023,4508,3_3_2,3_3_1,0_0_0
761,28/09/2023,221,2_2_1,2_0_1,2_1_1
762,28/09/2023,5331,3_3_0,3_0_0,3_3_2
763,28/09/2023,1911,1_0_0,1_0_2,1_3_0
764,28/09/2023,20,0_1_1,3_1_1,0_0_1
765,28/09/2023,8786,2_0_1,2_2_1,2_0_2
766,28/09/2023,10582,3_1_0,3_3_0,1_1_0
767,28/09/2023,1915,1_0_2,1_3_2,2_0_2
768,28/09/2023,8897,2_2_0,2_2_2,2_2_3
769,28/09/2023,2371,1_2_3,3_2_3,1_2_1
770,28/09/2023,6825,2_1_1,1_1_1,2_1_3
771,28/09/2023,1072,2_2_1,2_1_1,2_0_1
772,28/09/2023,4964,1_3_2,3_3_2,2_3_2
773,28/09/2023,2461,1_1_1,1_2_3,1_1_3
774,28/09/2023,10736,3_3_0,1_3_0,3_0_0
775,28/09/2023,3194,3_3_2,1_3_2,3_1_2
776,28/09/2023,10839,0_1_3,0_2_3,3_1_3
777,28/09/2023,49,0_3_3,0_3_1,0_2_3
778,28/09/2023,4290,0_1_3,3_1_3,3_1_1
779,28/09/2023,10219,3_1_3,0_1_3,3_1_1
780,28/09/2023,4211,0_2_3,0_2_1,0_1_3
781,28/09/2023,1135,1_2_1,3_2_1,1_2_3
782,28/09/2023,6299,1_3_0,3_3_0,1_3_2
783,28/09/2023,10846,1_2_0,2_2_0,1_2_3
784,28/09/2023,347,2_0_3,1_2_3,1_0_3
785,28/09/2023,6543,3_3_0,3_3_2,1_3_2
786,28/09/2023,10446,3_3_2,3_3_0,1_3_2
787,28/09/2023,3479,0_1_3,0_1_1,0_0_3
788,28/09/2023,11075,2_2_3,1_3_3,2_0_3
789,28/09/2023,4442,0_1_1,0_2_1,3_1_1
790,28/09/2023,199,2_1_3,2_0_3,1_1_3
791,28/09/2023,6722,1_0_2,2_0_2,1_3_2
792,28/09/2023,796,1_0_0,2_0_0,1_0_2
793,28/09/2023,3749,3_3_2,1_3_2,3_3_0
794,28/09/2023,8523,1_2_3,1_0_3,1_2_1
795,28/09/2023,310,1_3_2,1_1_1,1_0_2
796,28/09/2023,8629,1_1_1,1_1_3,3_1_1
797,28/09/2023,236,0_2_1,3_2_1,3_2_3
798,28/09/2023,9930,1_3_0,2_3_0,1_0_0
799,28/09/2023,3483,2_3_2,2_3_0,2_0_2
800,28/09/2023,4599,2_2_2,2_0_1,2_0_2
801,28/09/2023,7326,1_1_1,1_2_1,1_0_1
802,28/09/2023,7352,1_3_3,1_2_3,1_3_0
803,28/09/2023,2350,2_2_2,2_0_2,2_1_2
804,28/09/2023,9145,1_3_0,3_3_0,1_3_2
805,28/09/2023,2964,0_3_3,0_2_3,0_3_1
806,28/09/2023,5585,3_2_3,0_2_3,3_2_1
807,28/09/2023,9687,3_3_0,3_0_0,3_3_2
808,28/09/2023,3732,1_3_2,3_3_2,1_3_0
809,28/09/2023,6303,3_3_2,1_3_2,3_3_0
810,28/09/2023,11176,2_3_3,2_3_0,2_0_3
811,28/09/2023,2986,1_1_1,3_1_1,1_1_3
812,28/09/2023,7462,3_0_1,1_0_1,0_0_1
813,28/09/2023,3900,2_0_2,2_0_0,2_0_1
814,28/09/2023,7034,0_2_3,3_2_3,0_1_3
815,28/09/2023,9493,1_3_0,3_3_0,1_3_2
816,28/09/2023,1143,0_2_3,3_2_3,0_1_3
817,28/09/2023,1,2_0_0,2_0_3,2_3_3
818,28/09/2023,3855,0_0_1,3_0_1,0_2_3
819,28/09/2023,5536,2_3_2,1_3_2,2_0_2
820,28/09/2023,5989,1_0_2,1_3_2,2_3_2
821,28/09/2023,9499,2_3_2,2_3_0,1_3_2
822,28/09/2023,6768,1_1_1,0_1_1,2_1_1
823,28/09/2023,2150,1_3_2,1_0_2,3_0_2
824,28/09/2023,6646,3_1_3,0_1_3,1_1_3
825,28/09/2023,4887,3_1_1,0_1_1,1_1_1
826,28/09/2023,8560,1_0_1,1_0_2,1_3_2
827,28/09/2023,3321,2_0_0,2_0_3,2_0_2
828,28/09/2023,11003,0_2_3,0_0_3,0_1_3
829,28/09/2023,10402,1_1_1,1_2_1,1_1_3
830,28/09/2023,9904,3_3_2,1_3_2,3_0_2
831,28/09/2023,6141,1_0_3,1_0_1,2_0_3
832,28/09/2023,5687,3_3_2,1_3_0,3_3_0
833,28/09/2023,10856,2_1_3,2_1_1,1_1_1
834,28/09/2023,5121,2_3_0,2_0_0,2_3_2
835,28/09/2023,4186,0_2_3,3_2_3,0_2_1
836,28/09/2023,368,3_1_1,1_2_1,3_0_1
837,28/09/2023,3312,0_2_3,3_2_3,0_0_3
838,28/09/2023,11121,3_2_1,0_2_1,3_0_1
839,28/09/2023,5332,3_3_0,1_3_0,3_3_2
840,28/09/2023,5848,3_3_0,1_3_0,3_3_2
841,28/09/2023,10343,1_3_0,1_0_0,1_1_0
842,28/09/2023,5935,2_0_2,2_3_2,2_3_0
843,28/09/2023,2895,1_1_1,1_2_1,1_0_1
844,28/09/2023,10262,0_2_1,3_2_1,0_1_1
845,28/09/2023,7848,2_0_3,2_2_3,2_0_1
846,28/09/2023,9477,2_0_0,2_1_0,2_0_3
847,28/09/2023,4856,3_3_0,3_3_2,1_3_0
848,28/09/2023,7186,2_2_3,2_1_3,2_1_1
849,28/09/2023,5794,2_0_3,2_0_1,2_0_0
850,28/09/2023,1456,3_2_0,3_0_0,1_0_0
851,28/09/2023,4877,2_1_3,2_1_1,0_0_0
852,28/09/2023,425,1_1_2,1_3_2,2_1_2
853,28/09/2023,3007,2_1_3,3_1_3,1_1_1
854,28/09/2023,1031,1_3_0,1_3_2,2_3_0
855,28/09/2023,4297,3_2_1,3_2_3,0_2_1
856,28/09/2023,807,1_2_3,1_0_3,1_2_1
857,28/09/2023,9553,0_1_1,3_1_1,0_1_3
858,28/09/2023,4271,0_2_1,3_2_1,0_2_3
859,28/09/2023,4120,3_0_1,0_0_1,1_0_1
860,28/09/2023,2036,1_1_3,1_2_3,1_1_1
861,28/09/2023,115,2_0_3,2_1_3,2_2_3
862,28/09/2023,4259,1_1_1,3_1_1,1_1_3
863,28/09/2023,8687,0_1_1,1_1_1,3_1_1
864,28/09/2023,2447,0_2_1,3_2_1,0_2_3
865,28/09/2023,10140,2_3_0,2_0_0,1_3_0
866,28/09/2023,9353,1_3_2,1_0_2,3_3_2
867,28/09/2023,3623,3_0_1,3_2_1,0_2_1
868,28/09/2023,738,3_2_3,0_2_3,1_2_3
869,28/09/2023,7631,1_3_0,2_3_0,1_0_0
870,28/09/2023,4789,1_3_2,1_3_0,1_0_2
871,28/09/2023,773,2_2_2,2_0_2,2_3_2
872,28/09/2023,10602,3_2_3,3_0_3,3_2_1
873,28/09/2023,1446,3_3_0,3_3_2,1_3_0
874,28/09/2023,3270,0_2_1,3_2_1,0_2_3
875,28/09/2023,8443,0_2_3,0_0_3,0_2_1
876,28/09/2023,9653,1_2_3,1_1_3,0_2_3
877,28/09/2023,8916,1_1_1,1_1_3,0_1_1
878,28/09/2023,8017,3_2_1,1_2_1,3_1_1
879,28/09/2023,5830,3_3_2,1_3_2,1_0_2
880,28/09/2023,4597,1_1_2,1_3_2,3_1_2
881,28/09/2023,7023,2_0_1,2_2_1,2_1_1
882,28/09/2023,8086,2_2_3,2_1_3,2_0_3
883,28/09/2023,8825,1_2_0,1_2_2,1_0_0
884,28/09/2023,2930,2_3_0,1_3_0,2_1_0
885,28/09/2023,1928,1_2_1,3_2_1,1_1_1
886,28/09/2023,7108,1_2_1,2_2_1,2_0_1
887,28/09/2023,10925,3_3_2,3_3_0,1_2_2
888,28/09/2023,9960,0_1_1,0_1_3,3_1_1
889,28/09/2023,8800,1_3_2,1_0_2,1_3_0
890,28/09/2023,9224,2_3_2,2_0_2,2_3_0
891,28/09/2023,5519,1_3_0,1_0_0,1_3_2
892,28/09/2023,5046,1_0_2,1_3_2,2_0_2
893,28/09/2023,7037,1_1_1,1_1_3,1_0_1
894,28/09/2023,905,0_2_3,0_0_3,0_2_1
895,28/09/2023,8624,3_1_2,3_3_2,3_0_0
896,28/09/2023,8945,2_0_3,2_2_3,2_0_1
897,28/09/2023,6445,3_3_2,3_3_0,3_0_2
898,28/09/2023,2727,1_3_3,1_3_0,1_1_3
899,28/09/2023,6404,1_2_3,1_1_3,3_2_3
900,28/09/2023,11074,3_3_2,1_3_2,3_3_0
901,28/09/2023,10150,3_0_0,3_3_0,3_0_2
902,28/09/2023,1968,0_1_3,3_1_3,0_1_1
903,28/09/2023,6534,1_1_1,3_1_1,3_0_1
904,28/09/2023,9485,1_1_3,3_1_3,1_0_3
905,28/09/2023,7053,3_3_2,1_3_2,3_3_0
906,28/09/2023,4654,1_3_0,3_3_0,1_3_2
907,28/09/2023,9760,2_0_0,2_0_2,2_3_0
908,28/09/2023,1048,3_2_3,1_1_3,1_2_3
909,28/09/2023,10619,3_0_0,3_3_0,1_0_2
910,28/09/2023,9308,1_3_2,3_3_2,1_0_2
911,28/09/2023,10505,2_3_2,1_3_2,2_0_1
912,28/09/2023,8362,2_3_0,2_0_0,2_3_2
913,28/09/2023,2625,1_1_3,1_1_1,0_1_3
914,28/09/2023,4637,1_3_2,3_3_2,2_3_2
915,28/09/2023,9972,2_1_3,2_0_3,2_1_1
916,28/09/2023,4483,3_3_2,3_3_0,1_0_0
917,28/09/2023,4487,0_1_1,3_1_1,0_2_1
918,28/09/2023,4988,3_1_1,0_2_1,3_2_1
919,28/09/2023,8931,1_0_2,1_0_0,1_3_2
920,28/09/2023,5871,3_0_1,1_0_1,0_0_1
921,28/09/2023,2008,3_3_2,1_3_2,3_3_1
922,28/09/2023,3139,1_3_2,1_1_2,1_0_2
923,28/09/2023,10037,3_3_2,1_3_2,3_3_1
924,28/09/2023,10673,1_3_0,3_3_0,1_3_2
925,28/09/2023,5303,3_3_0,1_3_0,3_0_0
926,28/09/2023,538,0_1_1,3_1_1,1_1_1
927,28/09/2023,7922,2_0_0,2_0_2,0_0_0
928,28/09/2023,5692,0_1_1,3_1_1,3_1_3
929,28/09/2023,4843,3_3_2,3_3_1,0_0_0
930,28/09/2023,6383,1_0_1,1_2_1,3_0_1
931,28/09/2023,1628,3_0_2,1_0_2,3_3_2
932,28/09/2023,1204,2_0_0,1_0_0,1_0_2
933,28/09/2023,3673,1_3_2,1_1_2,1_3_0
934,28/09/2023,760,2_0_0,2_2_0,2_0_2
935,28/09/2023,8957,1_2_2,1_3_2,1_2_1
936,28/09/2023,4128,2_0_2,2_0_0,2_3_2
937,28/09/2023,6810,3_1_2,3_3_2,1_1_2
938,28/09/2023,5386,1_3_2,1_3_0,1_0_2
939,28/09/2023,8700,0_2_1,3_2_1,0_2_3
940,28/09/2023,3202,2_3_2,2_1_2,2_0_2
941,28/09/2023,1328,1_3_2,1_1_2,1_3_0
942,28/09/2023,8405,1_0_1,1_2_1,1_1_1
943,28/09/2023,6515,0_1_1,3_1_1,3_0_1
944,28/09/2023,2882,2_1_0,2_3_0,2_0_0
945,28/09/2023,7574,3_1_1,0_1_1,3_0_1
946,28/09/2023,6387,2_2_3,1_2_3,2_1_3
947,28/09/2023,5320,1_2_3,1_2_1,1_1_3
948,28/09/2023,5048,0_0_1,3_0_1,0_2_1
949,28/09/2023,8146,2_3_1,2_2_1,0_3_1
950,28/09/2023,10031,3_2_1,1_2_1,1_2_3
951,28/09/2023,5748,0_0_1,0_2_1,3_0_1
952,28/09/2023,2134,3_3_2,1_3_2,1_0_1
953,28/09/2023,1523,2_1_3,2_2_3,2_0_3
954,28/09/2023,9665,2_2_3,2_0_3,2_0_1
955,28/09/2023,4640,1_3_2,2_3_2,1_3_0
956,28/09/2023,3635,2_0_2,2_0_1,2_3_2
957,28/09/2023,3547,0_2_3,3_2_3,0_2_1
958,28/09/2023,2456,1_2_1,1_1_1,1_2_3
959,28/09/2023,5633,1_2_3,0_2_3,1_2_1
960,28/09/2023,7801,3_1_2,3_1_1,1_1_2
961,28/09/2023,10489,3_3_0,1_3_0,3_3_2
962,28/09/2023,7011,1_2_3,1_2_1,3_2_3
963,28/09/2023,2620,2_1_3,1_1_3,2_1_1
964,28/09/2023,3933,1_0_0,3_0_0,3_0_2
965,28/09/2023,10981,3_3_0,1_3_0,3_3_2
966,28/09/2023,1734,2_2_3,2_1_3,2_2_1
967,28/09/2023,10995,0_2_3,3_2_3,3_2_1
968,28/09/2023,6357,1_0_3,2_0_3,1_0_0
969,28/09/2023,9209,1_3_2,1_1_2,1_3_0
970,28/09/2023,10286,3_3_0,1_3_0,3_3_2
971,28/09/2023,2611,1_1_2,1_3_2,3_3_2
972,28/09/2023,1600,2_2_2,2_2_1,2_0_1
973,28/09/2023,3308,0_2_1,1_2_1,1_2_3
974,28/09/2023,5407,2_0_2,2_3_2,2_0_0
975,28/09/2023,2166,2_3_1,2_1_1,1_1_1
976,28/09/2023,6634,1_1_1,3_1_1,1_0_1
977,28/09/2023,3056,1_0_2,1_3_2,2_3_2
978,28/09/2023,5718,1_3_0,2_3_0,1_0_0
979,28/09/2023,6872,2_1_3,2_1_0,2_0_3
980,28/09/2023,8164,1_3_0,1_0_0,1_3_2
981,28/09/2023,4580,1_3_0,1_0_0,1_3_2
982,28/09/2023,9305,3_3_2,3_3_0,3_1_2
983,28/09/2023,453,1_2_3,2_2_3,0_2_3
984,28/09/2023,8545,2_3_0,1_3_0,2_3_2
985,28/09/2023,9850,3_1_3,1_1_3,0_1_3
986,28/09/2023,7378,2_2_0,2_0_0,1_0_0
987,28/09/2023,7646,3_1_2,1_1_2,3_0_2
988,28/09/2023,1640,2_1_3,2_1_1,2_3_3
989,28/09/2023,5184,3_1_1,0_1_1,1_1_1
990,28/09/2023,8492,1_0_0,1_3_0,1_0_2
991,28/09/2023,11188,0_2_1,0_2_3,3_1_1
992,28/09/2023,1212,1_3_0,1_0_0,3_3_0
993,28/09/2023,9097,2_1_3,2_0_3,2_2_3
994,28/09/2023,10473,3_3_0,3_0_3,3_3_2
995,28/09/2023,7962,2_0_0,2_3_0,1_3_0
996,28/09/2023,9984,1_0_0,1_3_0,2_0_3
997,28/09/2023,5527,0_2_3,0_2_1,3_2_1
998,28/09/2023,6374,2_2_1,2_0_1,2_2_3
999,28/09/2023,7453,3_3_0,1_2_0,1_3_0
1000,28/09/2023,8952,1_3_2,3_3_2,1_0_2
1001,28/09/2023,241,1_3_2,2_3_2,1_1_0
1002,28/09/2023,8975,0_2_3,3_2_1,0_0_3
1003,28/09/2023,6119,2_1_1,2_1_3,2_3_1
1004,28/09/2023,5236,1_0_0,1_0_2,1_3_0
1005,28/09/2023,5723,2_1_1,1_1_1,2_1_3
1006,28/09/2023,1710,1_2_1,1_2_3,3_2_1
1007,28/09/2023,1970,2_0_3,2_2_3,2_1_3
1008,28/09/2023,5313,2_2_3,1_2_3,2_1_3
1009,28/09/2023,10634,3_1_1,1_1_1,3_1_3
1010,28/09/2023,7010,1_3_0,1_0_0,1_3_2
1011,28/09/2023,8562,1_1_1,1_0_1,1_1_3
1012,28/09/2023,3158,1_1_3,3_1_3,0_1_3
1013,28/09/2023,4436,0_1_3,1_1_3,3_1_3
1014,28/09/2023,5287,1_2_1,3_2_1,1_1_1
1015,28/09/2023,2445,1_1_1,1_0_1,3_1_1
1016,28/09/2023,6059,2_0_2,2_2_2,2_0_0
1017,28/09/2023,4550,2_1_1,2_0_1,2_1_3
1018,28/09/2023,4240,0_2_1,3_2_1,0_2_3
1019,28/09/2023,8911,3_3_0,3_1_0,1_3_0
1020,28/09/2023,3706,3_3_1,0_3_1,0_0_1
1021,28/09/2023,3628,0_2_1,0_0_3,0_1_1
1022,28/09/2023,10175,2_1_3,1_1_3,2_1_1
1023,28/09/2023,8985,2_3_2,2_0_2,2_3_0
1024,28/09/2023,5204,3_3_0,3_0_0,3_0_2
1025,28/09/2023,9220,3_3_2,3_0_2,3_3_0
1026,28/09/2023,9888,1_3_0,3_3_0,3_3_3
1027,28/09/2023,5263,0_1_1,0_1_3,3_1_1
1028,28/09/2023,1020,3_3_2,3_3_0,0_0_0
1029,28/09/2023,9503,3_0_1,1_0_1,0_0_1
1030,28/09/2023,10613,1_2_3,1_2_1,2_2_3
1031,28/09/2023,67,2_2_3,2_1_3,1_2_1
1032,28/09/2023,6019,2_3_3,2_1_3,2_0_3
1033,28/09/2023,5863,2_0_2,1_2_2,1_0_2
1034,28/09/2023,3717,2_3_1,2_3_2,2_0_1
1035,28/09/2023,6730,2_2_1,1_2_1,2_2_3
1036,28/09/2023,10749,3_2_1,0_2_1,3_0_1
1037,28/09/2023,4998,3_3_2,3_3_0,1_3_2
1038,28/09/2023,6287,1_3_3,1_3_1,0_3_1
1039,28/09/2023,5985,1_2_3,2_2_3,1_1_3
1040,28/09/2023,4754,3_1_1,1_1_1,0_1_1
1041,28/09/2023,4002,3_3_0,1_3_0,3_3_2
1042,28/09/2023,8870,0_2_1,0_0_1,3_2_1
1043,28/09/2023,966,2_2_2,2_0_2,2_3_2
1044,28/09/2023,4767,1_3_0,1_0_0,1_3_2
1045,28/09/2023,9725,2_1_3,1_1_3,2_2_3
1046,28/09/2023,4475,1_3_2,1_0_2,3_3_2
1047,28/09/2023,5740,0_3_3,0_2_3,0_3_1
1048,28/09/2023,5731,3_1_1,1_1_1,0_1_1
1049,28/09/2023,7290,3_3_2,3_1_2,1_3_2
1050,28/09/2023,3846,2_0_1,2_2_1,2_0_3
1051,28/09/2023,8104,2_0_3,2_0_1,2_2_3
1052,28/09/2023,4507,1_3_2,3_3_2,1_3_0
1053,28/09/2023,11013,3_3_2,1_3_2,3_3_0
1054,28/09/2023,4491,2_2_0,2_0_0,2_2_2
1055,28/09/2023,3759,2_3_0,2_0_0,1_3_0
1056,28/09/2023,1162,3_1_0,3_1_3,3_0_2
1057,28/09/2023,2055,0_2_3,1_2_3,1_1_3
1058,28/09/2023,10766,2_3_3,2_3_0,2_0_0
1059,28/09/2023,4415,0_2_3,0_1_3,1_2_3
1060,28/09/2023,3005,3_3_0,1_3_0,3_3_2
1061,28/09/2023,2223,2_3_2,2_2_2,2_0_2
1062,28/09/2023,4817,3_1_1,0_1_1,1_1_1
1063,28/09/2023,2875,1_3_2,3_3_2,1_3_0
1064,28/09/2023,10536,1_0_1,1_2_1,3_0_1
1065,28/09/2023,11112,1_3_0,1_3_2,2_3_0
1066,28/09/2023,3807,1_0_2,2_0_2,1_0_0
1067,28/09/2023,9197,2_2_1,2_1_1,1_2_1
1068,28/09/2023,10832,2_0_3,2_0_0,2_0_1
1069,28/09/2023,6421,1_3_0,3_3_0,1_3_2
1070,28/09/2023,4207,2_3_0,2_3_2,1_3_0
1071,28/09/2023,577,1_1_3,1_1_1,3_1_3
1072,28/09/2023,10855,1_1_3,1_1_1,1_2_3
1073,28/09/2023,3081,3_1_1,1_1_1,0_1_1
1074,28/09/2023,3535,3_3_2,3_0_2,1_0_1
1075,28/09/2023,247,1_2_3,1_0_3,1_2_1
1076,28/09/2023,8707,3_3_0,1_3_0,1_0_0
1077,28/09/2023,9523,3_1_1,0_1_1,3_1_3
1078,28/09/2023,6072,1_3_0,3_3_0,1_3_2
1079,28/09/2023,6295,2_0_0,2_3_0,2_0_2
1080,28/09/2023,10914,3_1_3,0_1_3,3_2_3
1081,28/09/2023,1509,3_3_2,3_0_2,1_3_2
1082,28/09/2023,5577,3_1_1,1_1_1,3_2_1
1083,28/09/2023,7348,3_3_0,1_3_0,3_3_2
1084,28/09/2023,1127,1_3_2,3_3_2,1_0_2
1085,28/09/2023,1833,1_1_1,1_2_1,3_1_1
1086,28/09/2023,4944,3_3_0,1_3_0,3_3_2
1087,28/09/2023,9080,1_2_3,1_2_1,3_2_1
1088,28/09/2023,6466,2_2_3,2_1_3,2_0_3
1089,28/09/2023,9964,1_1_1,3_1_1,3_1_3
1090,28/09/2023,4790,2_3_2,1_3_2,2_0_2
1091,28/09/2023,10245,3_3_2,3_3_1,3_3_3
1092,28/09/2023,1109,1_1_3,3_1_3,1_1_1
1093,28/09/2023,6001,2_3_2,2_1_2,1_3_2
1094,28/09/2023,5538,1_3_2,2_3_2,3_3_2
1095,28/09/2023,10552,3_1_3,0_1_3,3_2_3
1096,28/09/2023,1545,3_2_1,0_2_1,3_0_1
1097,28/09/2023,7409,2_1_1,2_0_1,2_2_1
1098,28/09/2023,4444,0_1_3,3_1_3,0_0_3
1099,28/09/2023,146,1_3_2,3_3_2,1_3_0
1100,28/09/2023,6271,2_1_3,2_0_3,2_1_1
1101,28/09/2023,10065,0_1_3,0_2_3,3_1_3
1102,28/09/2023,4741,2_0_0,2_1_0,1_0_0
1103,28/09/2023,246,1_2_1,1_2_2,1_2_3
1104,28/09/2023,375,1_1_2,1_3_2,3_1_2
1105,28/09/2023,1524,1_0_0,2_0_0,2_0_3
1106,28/09/2023,10022,2_1_1,2_1_3,1_1_1
1107,28/09/2023,7451,1_3_0,3_3_0,1_3_2
1108,28/09/2023,11010,3_2_1,1_2_1,1_1_1
1109,28/09/2023,4356,2_3_2,2_0_0,2_0_2
1110,28/09/2023,3885,0_3_3,0_3_1,3_1_3
1111,28/09/2023,1175,0_3_3,0_2_3,3_3_3
1112,28/09/2023,880,0_0_3,0_2_3,0_1_3
1113,28/09/2023,2320,2_0_2,2_2_2,2_0_0
1114,28/09/2023,850,1_3_0,1_0_0,1_3_2
1115,28/09/2023,4713,1_1_3,1_2_3,1_0_3
1116,28/09/2023,675,1_2_1,1_2_3,1_1_3
1117,28/09/2023,5025,3_1_3,0_1_3,1_1_3
1118,28/09/2023,2308,3_0_3,3_0_1,3_1_3
1119,28/09/2023,5995,1_2_1,1_2_2,1_2_0
1120,28/09/2023,6749,1_2_2,1_3_2,1_0_2
1121,28/09/2023,1010,1_1_1,1_2_1,1_2_3
1122,28/09/2023,8977,0_1_1,3_1_1,0_3_1
1123,28/09/2023,4756,3_3_0,1_3_0,3_0_0
1124,28/09/2023,3412,2_1_2,2_3_2,2_0_1
1125,28/09/2023,606,1_1_1,0_1_1,3_1_1
1126,28/09/2023,5961,0_1_3,3_1_3,0_1_1
1127,28/09/2023,2975,3_3_2,3_3_0,1_3_2
1128,28/09/2023,2894,1_3_2,1_0_2,1_3_0
1129,28/09/2023,7613,1_0_1,1_2_1,1_0_3
1130,28/09/2023,10542,3_2_1,1_2_1,2_2_1
1131,28/09/2023,8015,1_3_2,3_3_2,1_0_2
1132,28/09/2023,10617,3_0_3,3_0_1,3_1_3
1133,28/09/2023,11166,2_0_1,2_0_3,2_2_1
1134,28/09/2023,849,1_1_2,1_3_2,1_1_1
1135,28/09/2023,523,3_1_1,0_1_1,3_1_3
1136,28/09/2023,4066,0_2_1,0_2_3,0_0_1
1137,28/09/2023,8414,2_1_1,2_0_1,2_1_3
1138,28/09/2023,819,1_3_2,1_3_0,3_3_2
1139,28/09/2023,4961,1_2_1,1_2_3,2_2_1
1140,28/09/2023,749,3_0_3,3_2_3,1_0_3
1141,28/09/2023,5430,2_2_0,1_0_0,2_2_2
1142,28/09/2023,7755,2_0_1,2_0_2,2_0_3
1143,28/09/2023,10525,1_1_3,3_1_3,0_1_3
1144,28/09/2023,1453,2_0_2,2_1_0,1_0_2
1145,28/09/2023,8310,1_0_2,1_3_2,1_0_0
1146,28/09/2023,10710,0_1_1,3_1_1,1_1_1
1147,28/09/2023,5031,1_3_0,3_3_0,1_3_2
1148,28/09/2023,2613,2_3_3,2_1_3,2_0_3
1149,28/09/2023,213,2_2_1,2_2_3,1_2_1
1150,28/09/2023,967,2_2_0,1_2_0,2_2_3
1151,28/09/2023,1077,3_0_2,3_3_2,1_0_2
1152,28/09/2023,7959,1_3_0,1_1_3,1_1_0
1153,28/09/2023,640,3_3_2,1_3_2,3_0_2
1154,28/09/2023,4252,2_0_1,2_1_1,2_1_3
1155,28/09/2023,8432,2_2_0,1_0_0,2_2_2
1156,28/09/2023,6218,2_0_1,2_0_2,2_0_3
1157,28/09/2023,6905,3_3_2,3_1_0,1_3_2
1158,28/09/2023,5922,2_0_3,2_0_1,2_1_3
1159,28/09/2023,3598,2_1_2,2_1_0,2_1_1
1160,28/09/2023,6116,3_1_3,1_1_3,0_1_3
1161,28/09/2023,6263,3_2_3,0_2_3,3_2_1
1162,28/09/2023,10486,1_3_2,2_3_2,1_3_0
1163,28/09/2023,2410,3_3_2,1_3_2,3_3_0
1164,28/09/2023,3363,0_1_1,0_1_3,0_2_1
1165,28/09/2023,8278,1_0_0,1_3_0,1_0_2
1166,28/09/2023,10660,2_0_1,2_0_2,2_0_3
1167,28/09/2023,8686,0_2_1,0_2_3,3_2_1
1168,28/09/2023,1604,2_1_1,2_2_1,2_0_1
1169,28/09/2023,5907,1_1_3,3_1_3,1_1_1
1170,28/09/2023,10669,1_1_3,3_1_3,2_1_3
1171,28/09/2023,2918,1_2_1,1_1_1,1_2_3
1172,28/09/2023,5735,1_3_0,1_1_0,1_0_0
1173,28/09/2023,359,2_0_3,2_0_0,2_0_1
1174,28/09/2023,8387,1_0_1,1_2_1,1_1_1
1175,28/09/2023,1829,2_0_2,2_3_2,1_3_2
1176,28/09/2023,3839,0_2_1,0_1_1,0_2_3
1177,28/09/2023,9392,3_1_3,1_1_3,0_1_3
1178,28/09/2023,2292,3_1_1,0_1_1,1_1_1
1179,28/09/2023,10466,1_1_1,1_2_1,1_1_3
1180,28/09/2023,9855,2_3_0,2_0_0,1_3_0
1181,28/09/2023,4088,2_2_3,2_0_3,2_1_3
1182,28/09/2023,5231,2_1_3,1_1_3,0_1_3
1183,28/09/2023,590,1_3_0,1_0_0,1_3_2
1184,28/09/2023,8732,2_0_2,2_3_2,2_0_0
1185,28/09/2023,2315,0_3_1,0_0_1,0_3_3
1186,28/09/2023,3515,1_0_1,1_1_1,1_0_2
1187,28/09/2023,2245,1_2_1,1_2_3,3_2_1
1188,28/09/2023,6283,2_0_2,2_0_0,2_3_2
1189,28/09/2023,2246,0_1_1,3_1_1,0_0_1
1190,28/09/2023,6606,2_1_0,2_1_2,2_2_0
1191,28/09/2023,5545,1_3_2,1_0_2,1_3_0
1192,28/09/2023,7342,3_3_0,1_0_0,1_3_0
1193,28/09/2023,837,3_2_3,3_2_1,1_2_3
1194,28/09/2023,9500,3_0_2,1_0_2,1_0_0
1195,28/09/2023,3602,2_0_3,2_1_3,2_3_3
1196,28/09/2023,234,0_2_1,0_1_1,0_2_3
1197,28/09/2023,2995,3_3_2,3_0_2,3_1_2
1198,28/09/2023,1118,2_0_2,2_0_0,2_2_2
1199,28/09/2023,7789,3_3_2,1_3_2,3_3_0
1200,28/09/2023,3068,0_1_3,3_1_3,0_0_3
1201,28/09/2023,8955,2_3_1,1_3_1,2_1_1
1202,28/09/2023,945,2_0_1,2_2_1,2_1_1
1203,28/09/2023,5644,2_0_1,2_1_1,2_0_3
1204,28/09/2023,7192,3_3_2,3_1_2,1_3_2
1205,28/09/2023,2324,1_3_0,1_3_2,2_3_0
1206,28/09/2023,697,1_3_2,3_3_2,1_0_2
1207,28/09/2023,3439,2_2_1,1_2_1,2_2_3
1208,28/09/2023,1506,3_2_3,1_2_3,3_2_1
1209,28/09/2023,232,1_1_3,1_1_1,1_1_0
1210,28/09/2023,8876,2_2_3,2_2_1,2_1_3
1211,28/09/2023,4500,1_3_2,1_3_0,3_3_2
1212,28/09/2023,9739,2_3_1,2_2_1,2_2_3
1213,28/09/2023,10395,0_2_3,0_0_3,0_1_3
1214,28/09/2023,1176,0_1_1,0_1_3,3_1_1
1215,28/09/2023,1627,1_3_2,1_0_2,1_3_0
1216,28/09/2023,938,2_2_3,2_0_3,1_2_3
1217,28/09/2023,2740,2_2_1,2_1_1,0_2_1
1218,28/09/2023,257,2_3_2,1_3_2,2_0_0
1219,28/09/2023,4058,2_0_2,2_0_0,1_0_2
1220,28/09/2023,7736,0_2_3,0_1_3,3_2_3
1221,28/09/2023,8210,2_1_1,2_0_1,2_2_2
1222,28/09/2023,833,2_2_1,2_0_1,2_1_1
1223,28/09/2023,6230,1_2_1,1_0_1,1_2_3
1224,28/09/2023,7325,1_1_1,1_1_3,2_1_1
1225,28/09/2023,1307,1_2_3,0_2_3,1_0_3
1226,28/09/2023,1502,3_2_1,0_2_1,3_2_3
1227,28/09/2023,6211,1_1_3,0_1_1,2_1_3
1228,28/09/2023,843,3_0_0,1_0_2,1_0_0
1229,28/09/2023,4174,2_1_1,2_0_1,2_1_2
1230,28/09/2023,9757,1_3_2,2_3_2,3_3_2
1231,28/09/2023,6918,3_1_1,0_1_1,3_1_3
1232,28/09/2023,286,1_2_3,1_0_3,1_2_1
1233,28/09/2023,11086,0_1_3,3_1_3,1_1_3
1234,28/09/2023,1921,2_2_1,2_1_1,1_2_1
1235,28/09/2023,4138,1_3_2,3_3_2,1_0_2
1236,28/09/2023,7718,3_3_3,3_3_0,3_3_2
1237,28/09/2023,1291,1_0_1,3_0_1,1_2_1
1238,28/09/2023,4136,0_2_1,0_2_3,0_3_1
1239,28/09/2023,803,2_3_1,2_1_1,1_1_1
1240,28/09/2023,4298,1_1_1,3_1_1,1_1_3
1241,28/09/2023,10833,2_0_2,2_3_2,2_1_2
1242,28/09/2023,9606,1_0_2,1_3_2,1_0_0
1243,28/09/2023,8534,1_3_2,1_0_2,1_1_2
1244,28/09/2023,5153,2_3_2,2_3_0,2_0_2
1245,28/09/2023,961,3_0_2,1_0_2,3_3_2
1246,28/09/2023,5011,2_3_2,2_0_2,1_3_2
1247,28/09/2023,6653,2_0_1,2_2_1,2_0_3
1248,28/09/2023,9094,2_0_3,2_0_0,2_0_1
1249,28/09/2023,810,3_3_0,3_1_2,1_1_2
1250,28/09/2023,5493,2_1_3,2_1_1,2_2_3
1251,28/09/2023,2147,3_3_2,1_3_2,3_3_0
1252,28/09/2023,5107,0_2_3,1_2_3,1_1_3
1253,28/09/2023,3979,1_0_2,1_3_2,3_1_2
1254,28/09/2023,6049,1_3_2,2_3_2,1_3_0
1255,28/09/2023,8147,2_2_3,1_2_3,2_2_1
1256,28/09/2023,1857,2_2_3,1_2_3,2_0_3
1257,28/09/2023,3910,1_3_2,2_3_2,3_3_2
1258,28/09/2023,5207,2_2_0,2_0_0,2_2_2
1259,28/09/2023,11114,0_2_1,1_2_1,0_2_3
1260,28/09/2023,5429,2_0_3,2_2_3,1_0_3
1261,28/09/2023,9400,1_3_2,3_3_2,1_0_2
1262,28/09/2023,1740,2_0_0,2_0_2,2_0_3
1263,28/09/2023,7488,1_1_0,2_1_0,3_1_0
1264,28/09/2023,195,1_2_3,1_0_3,2_2_3
1265,28/09/2023,635,2_2_2,2_0_2,2_0_0
1266,28/09/2023,7527,3_2_1,0_2_1,3_1_1
1267,28/09/2023,10319,2_1_2,2_3_2,2_0_2
1268,28/09/2023,2296,3_1_3,0_1_3,0_2_3
1269,28/09/2023,10637,3_0_1,0_0_1,3_0_3
1270,28/09/2023,2931,2_3_2,1_3_2,2_3_0
1271,28/09/2023,907,2_2_3,2_0_3,2_2_0
1272,28/09/2023,3698,1_3_0,3_3_0,1_3_2
1273,28/09/2023,9516,1_0_2,1_3_2,1_3_0
1274,28/09/2023,679,3_1_3,1_1_3,3_2_3
1275,28/09/2023,7384,3_0_3,3_0_1,3_2_3
1276,28/09/2023,5043,0_0_1,0_2_1,0_1_1
1277,28/09/2023,5267,3_1_3,1_1_3,3_1_1
1278,28/09/2023,339,2_0_1,2_0_2,2_2_1
1279,28/09/2023,2516,0_3_1,1_3_1,0_2_1
1280,28/09/2023,9010,1_3_2,3_3_2,1_3_0
1281,28/09/2023,378,1_0_2,1_1_2,3_1_2
1282,28/09/2023,4808,0_1_3,3_1_3,1_1_3
1283,28/09/2023,5068,1_0_1,1_1_1,3_0_1
1284,28/09/2023,7628,1_1_3,3_1_3,1_1_1
1285,28/09/2023,7128,3_1_1,0_1_1,1_1_1
1286,28/09/2023,2811,2_1_3,2_2_3,2_1_1
1287,28/09/2023,3551,3_1_3,1_1_3,3_1_1
1288,28/09/2023,1663,1_0_1,3_0_1,1_0_3
1289,28/09/2023,5543,2_2_2,2_0_0,2_0_2
1290,28/09/2023,1577,3_3_0,3_3_2,1_3_0
1291,28/09/2023,10641,0_2_3,0_1_3,0_2_1
1292,28/09/2023,5336,2_1_3,2_0_3,2_1_1
1293,28/09/2023,6024,1_3_2,1_3_0,1_0_2
1294,28/09/2023,1878,0_1_1,3_0_1,3_1_1
1295,28/09/2023,3099,2_2_3,1_2_3,2_0_3
1296,28/09/2023,6055,1_3_2,3_3_2,1_3_0
1297,28/09/2023,5841,2_0_2,2_3_2,2_0_0
1298,28/09/2023,3972,2_2_1,2_0_1,2_2_2
1299,28/09/2023,4394,2_3_0,1_3_0,2_1_0
1300,28/09/2023,5758,2_0_0,2_0_2,2_0_3
1301,28/09/2023,6658,2_0_0,2_0_2,1_0_0
1302,28/09/2023,4603,1_3_2,1_1_2,1_0_2
1303,28/09/2023,8427,3_3_2,3_0_2,1_3_2
1304,28/09/2023,10260,2_0_1,1_0_1,2_0_3
1305,28/09/2023,7143,3_3_0,1_3_0,3_0_0
1306,28/09/2023,8789,3_1_1,0_1_1,3_0_1
1307,28/09/2023,6197,1_2_3,2_2_3,2_0_3
1308,28/09/2023,4554,1_1_1,1_1_3,1_2_1
1309,28/09/2023,4937,3_1_1,1_1_1,0_1_3
1310,28/09/2023,1920,1_0_1,1_2_1,1_3_1
1311,28/09/2023,8749,0_3_1,1_3_1,1_3_3
1312,28/09/2023,1650,1_3_0,3_3_0,1_3_2
1313,28/09/2023,10377,1_0_3,1_2_3,2_0_3
1314,28/09/2023,9206,1_3_0,3_3_0,2_3_0
1315,28/09/2023,10971,1_0_3,0_0_3,1_2_3
1316,28/09/2023,6398,3_0_3,0_0_3,0_2_3
1317,28/09/2023,9212,2_1_0,2_3_0,2_0_0
1318,28/09/2023,7937,3_0_1,1_0_1,3_1_1
1319,28/09/2023,839,1_0_1,1_1_1,1_2_1
1320,28/09/2023,158,3_0_0,1_0_0,3_3_0
1321,28/09/2023,4832,0_3_1,0_2_1,3_3_1
1322,28/09/2023,5621,3_2_3,3_0_3,3_2_1
1323,28/09/2023,1945,1_0_0,1_3_0,1_0_2
1324,28/09/2023,5147,1_3_2,2_3_2,1_3_0
1325,28/09/2023,2535,3_3_0,3_0_0,1_0_0
1326,28/09/2023,11039,3_0_1,1_1_1,3_0_3
1327,28/09/2023,9495,3_3_0,1_3_0,3_3_2
1328,28/09/2023,9635,1_0_3,1_0_1,3_0_3
1329,28/09/2023,2173,1_1_3,0_1_3,3_1_3
1330,28/09/2023,942,1_0_3,1_2_3,3_0_3
1331,28/09/2023,9386,2_0_1,2_0_3,2_1_1
1332,28/09/2023,5510,2_0_3,2_2_3,2_1_3
1333,28/09/2023,873,2_2_0,2_0_0,2_2_2
1334,28/09/2023,2253,1_1_3,0_1_3,3_1_3
1335,28/09/2023,5181,0_1_1,1_1_1,3_1_1
1336,28/09/2023,979,0_2_3,0_0_3,0_1_3
1337,28/09/2023,10390,0_1_3,3_1_3,1_1_3
1338,28/09/2023,4698,3_0_3,0_1_3,1_0_0
1339,28/09/2023,7793,2_0_0,2_3_0,1_0_0
1340,28/09/2023,1745,1_3_2,3_3_2,1_0_2
1341,28/09/2023,10590,1_3_2,3_3_2,1_3_0
1342,28/09/2023,5080,3_3_0,3_0_0,3_0_2
1343,28/09/2023,8369,0_3_3,0_1_3,0_3_1
1344,28/09/2023,5232,3_0_3,3_1_3,3_0_0
1345,28/09/2023,2407,1_3_0,1_0_0,3_0_0
1346,28/09/2023,3834,3_0_0,3_3_0,3_1_0
1347,28/09/2023,7912,0_2_1,3_0_1,0_0_1
1348,28/09/2023,7712,3_1_2,3_3_2,1_0_2
1349,28/09/2023,1065,3_3_2,1_3_2,3_3_0
1350,28/09/2023,7275,1_2_3,2_2_3,0_0_0
1351,28/09/2023,1343,2_0_2,2_2_2,2_0_0
1352,28/09/2023,1384,0_2_3,0_1_3,0_2_1
1353,28/09/2023,9967,3_2_0,1_2_0,3_2_3
1354,28/09/2023,6181,1_3_0,3_3_0,1_0_0
1355,28/09/2023,10507,2_1_0,2_3_0,2_0_0
1356,28/09/2023,2674,1_0_2,1_3_2,1_0_0
1357,28/09/2023,2698,1_0_1,1_0_3,2_0_1
1358,28/09/2023,3231,3_1_1,0_1_1,1_1_1
1359,28/09/2023,4096,1_2_3,1_0_3,2_0_3
1360,28/09/2023,10476,1_1_3,1_3_0,1_2_3
1361,28/09/2023,5948,1_0_1,1_2_1,2_0_1
1362,28/09/2023,9140,1_1_1,1_0_1,1_2_1
1363,28/09/2023,10258,2_1_1,2_2_1,0_1_3
1364,28/09/2023,5675,2_2_2,2_0_2,2_2_1
1365,28/09/2023,4743,2_0_2,2_2_2,2_3_2
1366,28/09/2023,8805,2_0_3,2_2_3,2_0_1
1367,28/09/2023,1542,2_2_3,2_2_0,1_2_2
1368,28/09/2023,6770,0_2_3,3_2_3,0_1_1
1369,28/09/2023,8773,2_0_3,2_2_3,2_0_1
1370,28/09/2023,10475,1_0_3,1_1_3,1_2_3
1371,28/09/2023,10420,1_0_1,1_3_1,3_0_1
1372,28/09/2023,7514,1_2_1,3_2_1,1_2_3
1373,28/09/2023,2902,1_1_1,1_1_3,3_1_1
1374,28/09/2023,4345,3_1_3,0_1_3,3_1_1
1375,28/09/2023,793,3_1_3,1_1_3,1_1_1
1376,28/09/2023,10909,1_3_0,3_3_0,1_3_2
1377,28/09/2023,3769,1_1_3,2_1_3,1_0_0
1378,28/09/2023,8702,1_1_3,1_1_1,3_1_3
1379,28/09/2023,4791,1_1_3,3_1_3,1_1_1
1380,28/09/2023,2963,1_0_2,1_3_2,3_3_2
1381,28/09/2023,8216,1_2_3,1_3_3,2_2_3
1382,28/09/2023,8140,0_2_1,3_2_1,0_2_3
1383,28/09/2023,10146,1_1_3,3_1_3,1_1_1
1384,28/09/2023,5289,0_2_3,0_1_3,0_2_1
1385,28/09/2023,2587,2_2_3,2_1_3,3_2_3
1386,28/09/2023,4405,2_1_0,2_3_0,2_1_2
1387,28/09/2023,8663,2_1_1,2_1_3,1_1_1
1388,28/09/2023,2589,1_2_1,1_1_1,3_2_1
1389,28/09/2023,3421,2_0_2,2_0_0,2_3_2
1390,28/09/2023,10490,0_0_3,3_0_3,3_2_3
1391,28/09/2023,4094,2_2_1,2_0_1,2_0_0
1392,28/09/2023,9958,2_0_2,2_0_0,2_0_1
1393,28/09/2023,2534,1_0_3,2_0_3,1_2_0
1394,28/09/2023,4188,2_0_1,2_0_3,1_0_1
1395,28/09/2023,6613,2_2_0,2_0_0,2_1_0
1396,28/09/2023,10827,2_2_3,2_2_1,1_2_3
1397,28/09/2023,5491,1_0_1,1_0_3,1_1_1
1398,28/09/2023,8402,1_0_0,1_3_0,1_0_2
1399,28/09/2023,8783,2_1_3,1_1_3,1_1_1
1400,28/09/2023,10010,2_2_3,2_0_3,1_3_3
1401,28/09/2023,618,1_1_0,1_0_0,2_1_0
1402,28/09/2023,9121,2_0_0,2_2_0,1_3_0
1403,28/09/2023,361,3_1_1,1_1_1,0_1_1
1404,28/09/2023,4310,3_3_0,3_3_2,1_3_0
1405,28/09/2023,2678,3_0_1,0_0_3,0_2_1
1406,28/09/2023,6376,1_2_1,1_2_2,1_1_1
1407,28/09/2023,524,0_0_3,0_2_3,0_1_3
1408,28/09/2023,10341,3_3_3,1_3_3,3_1_3
1409,28/09/2023,5654,1_2_3,0_2_3,3_2_3
1410,28/09/2023,4098,1_2_3,3_2_3,1_2_1
1411,28/09/2023,5824,2_1_3,1_1_3,2_0_3
1412,28/09/2023,7000,1_3_0,1_0_0,0_1_2
1413,28/09/2023,2561,2_1_0,2_1_2,2_3_0
1414,28/09/2023,5229,2_1_1,2_1_3,1_1_1
1415,28/09/2023,4086,0_3_1,0_1_1,2_3_3
1416,28/09/2023,2428,3_2_3,0_2_3,3_2_1
1417,28/09/2023,8254,2_1_3,1_1_3,2_1_1
1418,28/09/2023,2836,1_1_1,1_1_3,1_3_1
1419,28/09/2023,8418,0_2_1,3_2_1,3_2_3
1420,28/09/2023,1362,3_0_1,1_0_1,0_0_1
1421,28/09/2023,7152,3_1_1,1_1_1,0_1_1
1422,28/09/2023,10033,0_1_1,3_1_1,0_1_3
1423,28/09/2023,9349,1_3_2,2_3_2,1_1_2
1424,28/09/2023,274,3_2_1,3_2_3,3_1_1
1425,28/09/2023,3388,1_2_3,1_0_0,1_0_3
1426,28/09/2023,922,1_2_1,1_1_1,0_2_1
1427,28/09/2023,8588,2_2_1,2_0_1,2_0_0
1428,28/09/2023,2518,0_3_3,0_1_3,0_3_1
1429,28/09/2023,574,0_1_1,0_2_1,3_1_1
1430,28/09/2023,3220,3_2_3,3_0_3,3_2_1
1431,28/09/2023,5967,3_2_1,1_2_1,0_2_1
1432,28/09/2023,1183,1_1_3,1_1_1,0_1_3
1433,28/09/2023,6856,0_2_1,3_2_1,1_2_1
1434,28/09/2023,4530,1_3_0,1_3_2,2_3_0
1435,28/09/2023,1553,1_3_2,1_0_2,3_3_2
1436,28/09/2023,4682,3_1_1,1_1_1,3_0_1
1437,28/09/2023,8204,3_3_2,3_3_0,1_3_2
1438,28/09/2023,5221,2_0_2,2_3_2,2_3_0
1439,28/09/2023,1232,1_3_2,1_3_0,1_1_1
1440,28/09/2023,1927,1_3_0,1_3_3,1_0_0
1441,28/09/2023,5788,3_2_3,3_1_3,3_0_3
1442,28/09/2023,6652,3_3_0,3_3_2,1_3_0
1443,28/09/2023,6246,1_3_0,3_3_0,1_3_2
1444,28/09/2023,5975,1_1_1,2_1_1,2_2_1
1445,28/09/2023,6875,3_0_3,3_2_3,0_0_3
1446,28/09/2023,4399,1_3_0,3_3_0,3_3_3
1447,28/09/2023,4042,1_2_1,1_0_1,2_0_3
1448,28/09/2023,2157,0_2_3,3_2_3,1_2_3
1449,28/09/2023,10133,1_3_0,3_3_0,0_0_0
1450,28/09/2023,2525,3_1_2,3_1_1,1_1_1
1451,28/09/2023,8233,2_0_0,2_0_3,1_0_0
1452,28/09/2023,9483,1_3_0,3_3_0,1_0_0
1453,28/09/2023,2945,2_1_3,2_0_3,2_1_1
1454,28/09/2023,10403,0_2_3,0_0_3,0_1_3
1455,28/09/2023,5074,2_1_3,1_1_3,2_2_3
1456,28/09/2023,10524,1_3_0,1_0_0,1_3_2
1457,28/09/2023,4690,2_0_0,2_0_2,2_0_3
1458,28/09/2023,7521,1_3_2,2_3_2,1_1_0
1459,28/09/2023,7196,2_1_3,1_1_3,1_3_3
1460,28/09/2023,4406,1_0_0,1_0_2,2_0_0
1461,28/09/2023,9672,0_2_1,3_2_1,0_1_1
1462,28/09/2023,4864,1_2_1,3_2_1,1_0_1
1463,28/09/2023,4706,2_1_1,2_1_3,2_0_1
1464,28/09/2023,4070,3_0_2,3_3_2,3_3_0
1465,28/09/2023,25,1_3_0,1_0_0,1_3_2
1466,28/09/2023,3697,1_2_3,1_0_3,3_2_3
1467,28/09/2023,217,3_3_2,3_0_2,1_3_2
1468,28/09/2023,4220,2_2_3,2_0_3,2_1_3
1469,28/09/2023,5286,1_3_1,1_0_1,1_2_1
1470,28/09/2023,9559,2_3_2,2_1_2,2_0_2
1471,28/09/2023,2849,3_2_0,3_0_0,1_0_0
1472,28/09/2023,7787,2_1_2,1_1_2,2_1_0
1473,28/09/2023,3102,3_1_3,0_1_3,1_1_3
1474,28/09/2023,5868,0_1_3,0_1_1,3_1_3
1475,28/09/2023,8370,3_0_2,1_0_2,3_3_2
1476,28/09/2023,9988,1_1_2,1_3_2,1_0_2
1477,28/09/2023,2939,1_3_2,3_3_2,1_3_0
1478,28/09/2023,5529,2_2_2,2_0_2,2_2_1
1479,28/09/2023,9743,2_0_2,2_3_2,2_0_0
1480,28/09/2023,5763,3_2_1,1_2_1,3_0_1
1481,28/09/2023,3478,3_2_0,3_0_0,3_1_0
1482,28/09/2023,7494,2_0_3,2_2_3,2_0_1
1483,28/09/2023,1763,1_3_2,1_3_0,3_3_2
1484,28/09/2023,7250,1_2_2,1_0_2,1_3_2
1485,28/09/2023,2005,3_1_1,1_1_1,1_2_1
1486,28/09/2023,10770,3_3_2,3_3_0,1_3_2
1487,28/09/2023,6885,2_1_3,2_0_3,2_1_1
1488,28/09/2023,2072,2_2_0,2_0_0,2_1_0
1489,28/09/2023,9463,1_0_0,1_3_0,2_0_0
1490,28/09/2023,6318,1_3_2,1_0_2,1_3_0
1491,28/09/2023,4093,2_2_1,1_2_1,2_2_2
1492,28/09/2023,5751,0_1_1,3_1_1,0_1_3
1493,28/09/2023,3340,1_2_1,1_0_1,1_2_2
1494,28/09/2023,3594,2_2_2,2_2_0,2_0_2
1495,28/09/2023,3584,2_3_0,2_0_0,2_3_2
1496,28/09/2023,3643,2_3_2,2_0_2,2_3_1
1497,28/09/2023,851,1_2_2,2_2_0,2_2_2
1498,28/09/2023,7706,3_0_2,1_0_2,3_3_2
1499,28/09/2023,3967,3_3_0,1_3_0,1_0_0
1500,28/09/2023,10128,2_3_0,2_0_0,2_1_0
1501,28/09/2023,486,3_3_0,1_3_0,3_3_2
1502,28/09/2023,9,1_2_1,2_2_1,3_2_1
1503,28/09/2023,9451,1_0_2,1_0_0,1_3_2
1504,28/09/2023,9264,3_3_0,1_3_0,3_3_2
1505,28/09/2023,3865,0_0_3,0_2_3,0_1_3
1506,28/09/2023,2853,3_0_1,3_1_1,3_2_1
1507,28/09/2023,1490,2_0_2,2_2_2,2_0_1
1508,28/09/2023,6310,1_1_3,0_1_3,1_0_3
1509,28/09/2023,10380,1_0_1,3_0_1,1_1_1
1510,28/09/2023,3887,0_2_3,0_1_3,0_2_1
1511,28/09/2023,4278,1_0_2,1_3_2,1_0_0
1512,28/09/2023,8643,3_3_0,1_3_0,3_1_0
1513,28/09/2023,1998,1_2_1,1_1_1,1_0_1
1514,28/09/2023,10795,3_2_3,3_2_1,1_2_3
1515,28/09/2023,2408,2_2_0,2_2_2,1_2_2
1516,28/09/2023,202,3_3_2,1_3_2,3_0_2
1517,28/09/2023,7998,1_2_1,0_3_1,1_3_1
1518,28/09/2023,830,1_3_0,1_3_2,3_3_0
1519,28/09/2023,3536,0_1_1,0_2_1,0_2_3
1520,28/09/2023,6050,2_1_0,2_2_2,2_0_0
1521,28/09/2023,125,2_2_1,2_0_1,2_1_1
1522,28/09/2023,3463,2_1_0,1_3_0,2_0_0
1523,28/09/2023,2804,1_2_1,0_1_1,1_2_3
1524,28/09/2023,3745,0_0_1,0_2_1,0_1_1
1525,28/09/2023,9771,3_2_1,0_2_1,3_2_3
1526,28/09/2023,451,1_3_1,0_3_1,1_1_1
1527,28/09/2023,10530,3_3_0,3_3_2,1_3_0
1528,28/09/2023,1079,2_3_2,2_0_2,2_1_2
1529,28/09/2023,8920,3_0_0,1_0_0,1_0_2
1530,28/09/2023,6678,1_0_3,1_2_3,1_1_3
1531,28/09/2023,3852,1_0_2,1_0_0,1_1_2
1532,28/09/2023,528,3_3_2,3_1_2,1_1_2
1533,28/09/2023,73,2_1_1,2_1_3,2_3_1
1534,28/09/2023,5589,2_0_2,2_0_0,2_1_2
1535,28/09/2023,10212,2_0_3,2_0_1,1_0_1
1536,28/09/2023,6365,0_1_3,3_1_3,0_0_3
1537,28/09/2023,5636,0_0_1,3_0_1,1_0_1
1538,28/09/2023,591,1_0_2,1_0_1,3_0_2
1539,28/09/2023,2217,1_1_3,0_1_3,2_1_3
1540,28/09/2023,2544,1_1_1,2_1_1,1_0_1
1541,28/09/2023,7725,3_3_3,3_3_0,3_3_2
1542,28/09/2023,8091,3_0_2,1_0_2,3_3_0
1543,28/09/2023,7321,3_3_2,3_3_0,1_3_2
1544,28/09/2023,5462,1_0_2,1_3_2,2_3_2
1545,28/09/2023,7791,1_1_1,1_1_3,1_2_1
1546,28/09/2023,955,2_2_1,2_2_3,2_1_1
1547,28/09/2023,4037,0_1_1,3_1_1,1_1_1
1548,28/09/2023,6642,3_2_1,0_2_1,0_2_3
1549,28/09/2023,2793,1_1_0,1_0_0,1_3_0
1550,28/09/2023,5424,3_2_3,3_0_3,3_2_1
1551,28/09/2023,879,2_2_2,2_0_1,2_0_2
1552,28/09/2023,9530,3_1_3,0_1_3,1_1_3
1553,28/09/2023,4828,3_3_0,3_3_2,1_3_0
1554,28/09/2023,10699,1_0_3,1_0_1,1_2_3
1555,28/09/2023,1497,2_0_3,2_2_3,1_0_3
1556,28/09/2023,7476,2_0_2,2_1_2,2_3_2
1557,28/09/2023,4390,1_1_0,1_3_0,1_0_0
1558,28/09/2023,10478,2_0_2,2_0_0,2_2_2
1559,28/09/2023,1081,2_2_0,2_2_2,2_2_3
1560,28/09/2023,4261,2_3_0,2_3_2,1_0_0
1561,28/09/2023,9916,2_2_1,1_2_1,2_2_3
1562,28/09/2023,5350,1_3_0,1_1_0,3_3_0
1563,28/09/2023,8135,3_1_3,0_1_3,1_1_3
1564,28/09/2023,8685,1_2_1,1_0_1,1_2_2
1565,28/09/2023,4967,2_2_3,2_0_3,1_0_3
1566,28/09/2023,2130,3_0_3,3_0_1,1_0_3
1567,28/09/2023,9298,1_3_2,2_3_2,2_3_0
1568,28/09/2023,8175,3_1_1,1_1_1,1_2_1
1569,28/09/2023,6257,1_0_1,1_0_2,1_2_1
1570,28/09/2023,3790,1_1_3,1_1_1,3_1_3
1571,28/09/2023,9952,3_3_2,3_3_0,1_3_2
1572,28/09/2023,3503,3_0_2,3_3_2,1_0_2
1573,28/09/2023,5223,1_2_1,1_1_1,2_1_1
1574,28/09/2023,4608,3_3_0,1_3_0,3_1_0
1575,28/09/2023,1626,0_2_3,1_2_3,1_1_3
1576,28/09/2023,4764,3_2_1,1_2_1,3_2_3
1577,28/09/2023,2471,3_1_3,1_1_3,3_3_3
1578,28/09/2023,5892,2_2_3,1_2_3,2_0_3
1579,28/09/2023,2612,1_3_0,1_0_0,1_3_2
1580,28/09/2023,4971,2_2_3,2_0_3,2_1_3
1581,28/09/2023,5185,3_3_2,3_0_2,1_3_2
1582,28/09/2023,10069,0_0_3,0_2_3,0_1_3
1583,28/09/2023,2262,2_0_1,1_0_1,2_0_3
1584,28/09/2023,1131,2_1_1,2_0_1,2_1_3
1585,28/09/2023,1041,2_0_3,2_0_2,2_1_3
1586,28/09/2023,24,1_2_1,3_2_1,1_2_3
1587,28/09/2023,3409,1_0_1,3_0_1,1_0_3
1588,28/09/2023,7022,1_3_0,1_1_0,2_1_0
1589,28/09/2023,7943,1_1_3,1_1_1,1_3_3
1590,28/09/2023,5272,2_0_2,2_2_2,2_0_1
1591,28/09/2023,5453,1_3_0,3_3_0,1_3_2
1592,28/09/2023,2565,2_3_2,2_1_2,2_0_2
1593,28/09/2023,800,2_1_1,1_1_1,2_2_1
1594,28/09/2023,11092,3_2_1,0_2_1,0_0_1
1595,28/09/2023,5062,2_0_1,2_1_1,2_2_1
1596,28/09/2023,8969,1_3_2,1_3_0,1_0_2
1597,28/09/2023,4656,1_0_0,1_3_0,1_2_0
1598,28/09/2023,4480,2_0_1,2_2_2,2_0_2
1599,28/09/2023,9971,2_3_3,2_3_0,2_0_0
1600,28/09/2023,6729,3_3_2,1_3_2,0_3_1
1601,28/09/2023,1773,0_1_3,3_1_3,0_0_3
1602,28/09/2023,9242,1_0_0,1_3_0,3_0_0
1603,28/09/2023,1764,3_2_1,3_0_1,1_0_1
1604,28/09/2023,6215,3_2_3,3_1_3,0_2_3
1605,28/09/2023,10099,3_3_0,3_1_0,3_1_3
1606,28/09/2023,5423,3_1_3,1_1_3,0_1_3
1607,28/09/2023,940,1_1_3,3_1_3,1_1_1
1608,28/09/2023,3011,3_0_3,3_1_3,3_0_0
1609,28/09/2023,3298,2_0_2,2_2_2,2_3_2
1610,28/09/2023,8286,2_0_1,2_1_1,2_0_3
1611,28/09/2023,9668,0_2_3,3_2_3,0_1_3
1612,28/09/2023,5120,3_3_2,3_0_2,1_3_0
1613,28/09/2023,6097,2_2_2,1_2_2,2_0_1
1614,28/09/2023,7019,1_2_3,1_2_1,2_2_3
1615,28/09/2023,7408,2_0_3,2_0_1,2_2_3
1616,28/09/2023,8041,1_3_0,1_0_0,1_2_2
1617,28/09/2023,252,3_0_3,3_1_3,0_0_3
1618,28/09/2023,9986,3_0_3,3_2_3,0_2_3
1619,28/09/2023,3276,3_0_1,0_2_1,1_0_1
1620,28/09/2023,3859,3_0_0,1_0_0,3_3_0
1621,28/09/2023,3570,2_2_1,2_0_1,2_0_3
1622,28/09/2023,3783,2_1_3,2_2_3,2_0_3
1623,28/09/2023,10207,3_1_3,1_1_3,0_1_3
1624,28/09/2023,10906,2_3_1,2_0_1,1_2_1
1625,28/09/2023,3427,2_0_0,2_0_2,2_2_0
1626,28/09/2023,5209,2_0_0,2_0_3,2_0_2
1627,28/09/2023,10711,3_3_0,3_3_2,3_1_0
1628,28/09/2023,10785,1_2_3,1_2_1,1_1_3
1629,28/09/2023,2814,3_1_3,0_1_3,1_1_3
1630,28/09/2023,6866,3_1_1,0_1_1,3_1_3
1631,28/09/2023,1665,2_3_2,2_0_2,2_0_0
1632,28/09/2023,6575,3_2_2,1_2_2,3_2_0
1633,28/09/2023,3829,0_1_1,3_1_1,1_1_1
1634,28/09/2023,3091,1_0_0,1_3_0,2_0_0
1635,28/09/2023,10141,3_1_3,1_1_3,0_1_3
1636,28/09/2023,5177,2_0_1,2_2_2,1_0_1
1637,28/09/2023,7005,1_1_2,1_3_2,2_1_2
1638,28/09/2023,6409,3_0_0,3_3_0,3_0_2
1639,28/09/2023,7485,1_2_3,1_2_1,2_2_3
1640,28/09/2023,8079,0_2_1,3_2_1,0_2_3
1641,28/09/2023,8395,2_3_2,1_3_0,1_3_2
1642,28/09/2023,10352,1_2_3,1_2_1,1_0_3
1643,28/09/2023,13,2_1_1,2_2_1,2_0_1
1644,28/09/2023,1834,1_1_1,1_0_1,2_1_1
1645,28/09/2023,2285,2_0_3,2_2_3,1_0_3
1646,28/09/2023,2295,2_1_2,2_3_2,1_1_2
1647,28/09/2023,1378,1_0_0,1_3_0,1_2_0
1648,28/09/2023,2781,1_3_2,2_3_2,1_0_2
1649,28/09/2023,1165,1_2_2,1_2_1,1_2_0
1650,28/09/2023,1404,3_2_1,3_0_1,0_2_1
1651,28/09/2023,6457,1_1_2,1_3_2,1_0_2
1652,28/09/2023,2639,0_2_3,0_2_1,3_0_3
1653,28/09/2023,8299,1_1_3,3_1_3,1_0_3
1654,28/09/2023,6437,3_1_1,0_1_1,1_1_1
1655,28/09/2023,6912,2_1_2,2_3_2,2_0_2
1656,28/09/2023,7327,1_1_1,1_2_1,0_2_1
1657,28/09/2023,5299,2_1_0,2_1_2,2_3_0
1658,28/09/2023,4127,2_3_2,2_3_0,2_0_2
1659,28/09/2023,8143,2_0_3,2_2_3,2_0_1
1660,28/09/2023,1964,3_3_2,3_3_0,1_3_2
1661,28/09/2023,3690,1_0_0,1_3_0,1_0_2
1662,28/09/2023,3433,1_3_2,3_3_2,1_3_0
1663,28/09/2023,3389,1_3_2,1_3_0,1_0_2
1664,28/09/2023,4712,3_1_3,0_1_3,1_1_3
1665,28/09/2023,1170,3_2_3,3_0_3,3_2_1
1666,28/09/2023,6347,0_1_3,3_1_3,0_1_1
1667,28/09/2023,4065,2_1_3,2_0_3,2_2_3
1668,28/09/2023,8230,3_1_3,0_1_3,3_0_3
1669,28/09/2023,1215,1_3_2,1_3_0,3_3_0
1670,28/09/2023,5939,1_2_1,0_2_1,1_2_3
1671,28/09/2023,2156,2_2_3,2_1_3,1_2_3
1672,28/09/2023,7788,1_1_1,1_1_3,2_1_1
1673,28/09/2023,10323,2_0_1,2_2_1,2_1_1
1674,28/09/2023,7947,2_1_1,2_1_3,2_2_1
1675,28/09/2023,1891,3_3_0,1_3_0,3_3_2
1676,28/09/2023,2570,2_0_0,2_0_2,2_3_0
1677,28/09/2023,9256,1_0_0,1_3_0,1_1_0
1678,28/09/2023,295,1_3_2,3_3_2,1_1_2
1679,28/09/2023,7397,2_0_0,2_3_0,2_0_3
1680,28/09/2023,6349,1_0_2,1_3_2,3_3_2
1681,28/09/2023,10790,1_1_3,0_1_3,3_1_3
1682,28/09/2023,10398,0_1_1,1_1_1,3_1_1
1683,28/09/2023,2431,3_1_1,0_1_1,0_1_3
1684,28/09/2023,550,3_1_2,1_1_2,3_0_2
1685,28/09/2023,1890,1_1_1,0_1_1,2_3_1
1686,28/09/2023,10742,2_0_1,2_0_2,2_3_2
1687,28/09/2023,10356,2_1_3,1_1_3,2_0_3
1688,28/09/2023,4676,3_0_2,3_3_2,1_0_0
1689,28/09/2023,8852,1_0_2,3_3_2,3_0_2
1690,28/09/2023,3565,2_2_1,2_0_1,2_1_1
1691,28/09/2023,5294,3_2_3,0_2_3,1_2_1
1692,28/09/2023,1958,2_0_2,2_2_2,2_0_0
1693,28/09/2023,7349,0_2_3,0_2_1,0_0_3
1694,28/09/2023,8799,1_2_3,3_2_3,3_1_3
1695,28/09/2023,1351,2_3_0,2_0_0,1_3_0
1696,28/09/2023,1045,3_0_1,1_0_1,3_0_3
1697,28/09/2023,7732,1_0_2,3_0_2,1_1_2
1698,28/09/2023,8070,2_3_1,2_1_1,1_3_1
1699,28/09/2023,477,1_3_0,3_3_0,2_3_0
1700,28/09/2023,7832,1_3_0,1_0_0,1_3_2
1701,28/09/2023,2202,2_1_1,1_1_1,2_1_3
1702,28/09/2023,7396,3_3_2,3_3_0,3_0_2
1703,28/09/2023,4055,0_0_3,0_2_3,0_1_3
1704,28/09/2023,10340,0_2_1,0_0_1,3_2_1
1705,28/09/2023,10091,1_0_2,1_3_2,1_0_1
1706,28/09/2023,7629,3_2_3,0_2_3,0_1_3
1707,28/09/2023,10640,1_2_1,1_2_3,3_2_1
1708,28/09/2023,3498,1_3_0,1_0_0,3_3_0
1709,28/09/2023,6742,0_1_1,3_1_1,1_1_1
1710,28/09/2023,1172,1_3_2,3_3_2,1_0_2
1711,28/09/2023,569,3_3_0,1_3_0,1_0_0
1712,28/09/2023,4686,1_3_0,1_3_2,1_0_0
1713,28/09/2023,1381,1_2_3,1_0_3,1_2_1
1714,28/09/2023,2634,3_2_3,0_2_3,3_1_3
1715,28/09/2023,10905,2_2_3,2_1_3,2_0_3
1716,28/09/2023,1744,0_3_1,0_3_3,0_1_1
1717,28/09/2023,1000,1_0_2,1_0_0,1_1_2
1718,28/09/2023,3828,1_3_2,2_3_2,1_0_2
1719,28/09/2023,8605,2_2_3,2_1_3,2_2_1
1720,28/09/2023,10304,0_3_1,0_1_1,2_3_3
1721,28/09/2023,4351,0_3_1,1_3_1,1_3_3
1722,28/09/2023,10129,3_3_0,3_3_2,3_1_0
1723,28/09/2023,2499,1_1_3,2_1_0,3_1_3
1724,28/09/2023,10092,2_3_0,1_3_0,2_3_2
1725,28/09/2023,7500,1_0_0,1_0_2,1_0_3
1726,28/09/2023,5796,1_3_2,3_3_2,1_3_0
1727,28/09/2023,10556,1_0_1,1_2_1,1_0_3
1728,28/09/2023,1064,1_1_3,1_1_1,2_1_3
1729,28/09/2023,48,2_0_1,2_0_3,2_2_1
1730,28/09/2023,7610,2_2_3,2_2_0,2_0_3
1731,28/09/2023,263,1_0_3,2_0_3,3_0_3
1732,28/09/2023,10814,3_3_0,1_3_0,3_0_0
1733,28/09/2023,9710,2_0_2,2_0_0,2_0_1
1734,28/09/2023,9292,3_3_2,3_3_0,3_0_2
1735,28/09/2023,10250,0_1_3,0_1_1,3_1_3
1736,28/09/2023,7881,2_1_0,2_3_0,2_0_0
1737,28/09/2023,5847,1_0_2,3_0_2,3_3_2
1738,28/09/2023,737,2_3_2,1_3_2,1_3_0
1739,28/09/2023,3571,2_0_2,2_0_0,2_3_2
1740,28/09/2023,7807,3_2_3,1_2_3,3_2_1
1741,28/09/2023,3878,0_1_3,3_1_3,0_1_1
1742,28/09/2023,5092,2_0_3,2_0_0,2_0_1
1743,28/09/2023,2154,3_2_3,0_2_3,3_2_1
1744,28/09/2023,5394,0_2_3,0_1_3,3_2_3
1745,28/09/2023,3798,3_2_1,0_2_1,3_2_3
1746,28/09/2023,3524,1_0_3,3_0_3,1_0_1
1747,28/09/2023,5247,2_1_1,2_2_1,2_1_3
1748,28/09/2023,5883,3_0_2,3_0_0,3_3_2
1749,28/09/2023,2118,3_0_2,1_0_2,3_3_2
1750,28/09/2023,8812,0_2_3,0_1_3,1_2_1
1751,28/09/2023,6616,1_3_3,1_1_3,1_0_3
1752,28/09/2023,2797,2_3_0,2_0_0,1_3_2
1753,28/09/2023,4328,0_2_1,0_0_1,0_3_1
1754,28/09/2023,9167,1_0_2,1_1_2,1_0_1
1755,28/09/2023,10560,2_1_3,2_1_1,1_1_3
1756,28/09/2023,2631,3_3_0,1_3_0,3_3_2
1757,28/09/2023,8312,0_1_1,3_0_1,3_1_1
1758,28/09/2023,5534,2_0_3,2_2_3,2_3_3
1759,28/09/2023,5093,1_2_3,3_2_3,3_0_3
1760,28/09/2023,7592,1_0_1,1_2_1,1_3_1
1761,28/09/2023,8895,3_3_2,3_1_2,1_3_2
1762,28/09/2023,8584,3_3_2,3_3_0,1_3_2
1763,28/09/2023,2694,2_1_3,2_1_1,1_1_3
1764,28/09/2023,8910,2_2_3,2_1_3,2_0_3
1765,28/09/2023,7433,3_2_1,1_2_1,0_2_1
1766,28/09/2023,164,2_0_1,2_0_3,2_2_1
1767,28/09/2023,10477,2_0_3,2_2_3,2_0_1
1768,28/09/2023,2681,3_1_3,3_1_0,1_1_3
1769,28/09/2023,5150,0_2_1,0_1_1,0_2_3
1770,28/09/2023,5283,2_2_1,2_1_1,2_2_3
1771,28/09/2023,9645,2_0_2,1_0_2,2_0_0
1772,28/09/2023,10678,2_0_2,2_0_0,2_3_2
1773,28/09/2023,7261,1_2_3,2_2_3,1_2_1
1774,28/09/2023,9648,2_2_3,1_2_3,2_0_3
1775,28/09/2023,2870,2_2_0,2_0_3,2_2_3
1776,28/09/2023,8008,1_1_1,3_1_1,1_1_3
1777,28/09/2023,1513,1_2_2,2_2_0,3_2_0
1778,28/09/2023,6173,1_3_0,2_3_0,3_3_0
1779,28/09/2023,1419,0_2_3,3_2_3,0_2_1
1780,28/09/2023,9150,2_1_3,2_2_3,2_1_1
1781,28/09/2023,7960,1_3_2,1_3_0,3_3_2
1782,28/09/2023,1250,1_2_1,1_1_1,1_0_1
1783,28/09/2023,9905,2_2_1,2_2_3,2_3_1
1784,28/09/2023,10691,0_3_1,1_3_1,0_3_3
1785,28/09/2023,7002,1_1_3,1_1_1,3_1_3
1786,28/09/2023,2952,3_0_1,1_0_1,3_0_3
1787,28/09/2023,8439,2_0_2,2_3_2,2_0_0
1788,28/09/2023,762,1_0_0,1_3_0,2_0_0
1789,28/09/2023,2831,1_3_2,3_3_2,1_0_2
1790,28/09/2023,6977,1_0_2,1_3_2,1_0_0
1791,28/09/2023,6289,2_2_1,2_0_1,2_1_1
1792,28/09/2023,4168,1_2_0,1_2_3,1_2_2
1793,28/09/2023,8397,2_2_1,2_1_1,1_2_1
1794,28/09/2023,9284,2_3_0,2_0_0,2_1_0
1795,28/09/2023,3130,0_2_1,0_1_1,0_2_3
1796,28/09/2023,1619,3_3_0,3_0_0,3_3_2
1797,28/09/2023,1990,1_3_2,3_3_2,1_3_0
1798,28/09/2023,5513,2_1_3,3_1_3,1_1_1
1799,28/09/2023,269,2_2_2,2_0_2,2_3_2
1800,28/09/2023,8093,1_3_2,1_0_2,2_3_2
1801,28/09/2023,10513,3_3_2,3_1_2,3_3_1
1802,28/09/2023,10177,1_3_0,1_0_0,2_3_0
1803,28/09/2023,2549,1_1_1,1_1_3,3_1_1
1804,28/09/2023,5782,1_0_0,2_0_0,1_0_2
1805,28/09/2023,10057,3_3_2,1_3_2,1_0_2
1806,28/09/2023,10307,2_0_1,2_0_2,1_2_2
1807,28/09/2023,8566,1_1_3,3_1_3,1_1_1
1808,28/09/2023,2415,3_0_2,3_3_2,1_0_2
1809,28/09/2023,5684,2_2_3,2_1_3,2_0_3
1810,28/09/2023,8334,1_2_3,2_2_3,0_0_0
1811,28/09/2023,9166,1_1_2,1_3_2,1_0_2
1812,28/09/2023,1440,3_0_2,3_3_2,3_0_0
1813,28/09/2023,78,1_3_1,0_3_1,1_3_3
1814,28/09/2023,5441,2_0_1,2_0_3,2_0_2
1815,28/09/2023,5302,3_3_0,3_3_2,1_3_0
1816,28/09/2023,4687,3_3_2,1_3_2,1_0_2
1817,28/09/2023,1087,0_0_3,0_2_3,3_0_3
1818,28/09/2023,6859,3_0_3,3_1_3,3_2_3
1819,28/09/2023,9860,2_2_3,2_0_3,2_1_3
1820,28/09/2023,7129,2_2_2,2_0_2,2_1_2
1821,28/09/2023,5866,1_2_3,1_0_3,2_0_3
1822,28/09/2023,10521,3_2_3,3_2_1,1_2_3
1823,28/09/2023,7393,1_2_3,1_2_1,1_1_3
1824,28/09/2023,7849,3_3_0,3_3_2,1_3_0
1825,28/09/2023,332,2_0_1,2_2_1,2_1_1
1826,28/09/2023,9847,2_0_3,2_0_0,2_2_3
1827,28/09/2023,531,1_2_2,1_3_2,1_0_2
1828,28/09/2023,9576,1_0_1,1_2_1,1_2_3
1829,28/09/2023,6906,3_3_2,3_3_0,1_3_2
1830,28/09/2023,7419,3_2_1,0_2_1,1_2_1
1831,28/09/2023,3170,3_3_2,1_3_2,3_3_0
1832,28/09/2023,8527,1_2_3,1_0_3,1_2_0
1833,28/09/2023,7872,3_3_0,2_0_3,3_0_3
1834,28/09/2023,10595,0_1_3,3_1_3,3_1_1
1835,28/09/2023,4609,2_0_3,2_0_0,2_0_1
1836,28/09/2023,5010,0_1_1,0_1_3,0_2_1
1837,28/09/2023,4427,3_3_2,3_3_0,1_0_2
1838,28/09/2023,11148,3_1_1,0_1_1,1_1_1
1839,28/09/2023,1168,3_3_2,1_3_2,3_3_0
1840,28/09/2023,9595,3_3_0,1_3_2,3_3_2
1841,28/09/2023,10163,1_0_0,1_0_2,1_3_0
1842,28/09/2023,2886,2_3_2,2_0_2,2_0_0
1843,28/09/2023,6710,2_1_1,2_2_1,2_0_1
1844,28/09/2023,5316,1_1_1,1_1_3,1_2_1
1845,28/09/2023,9029,1_3_2,3_3_2,1_3_0
1846,28/09/2023,521,3_0_3,1_0_3,1_0_1
1847,28/09/2023,1459,2_0_0,1_0_0,2_3_0
1848,28/09/2023,10241,0_1_3,0_2_3,1_1_3
1849,28/09/2023,1630,1_1_1,3_1_1,3_1_3
1850,28/09/2023,3254,1_0_2,1_3_2,3_0_2
1851,28/09/2023,9064,1_3_0,1_0_0,3_0_0
1852,28/09/2023,3678,2_2_0,2_1_0,2_0_2
1853,28/09/2023,4227,1_2_1,0_2_1,1_1_1
1854,28/09/2023,9467,3_1_1,3_1_3,0_1_1
1855,28/09/2023,8486,2_0_3,2_2_3,2_0_1
1856,28/09/2023,2186,1_3_0,3_3_0,1_3_2
1857,28/09/2023,3286,3_2_1,0_2_1,1_2_1
1858,28/09/2023,8602,3_3_2,1_3_2,3_0_2
1859,28/09/2023,3722,2_2_1,2_1_1,1_2_1
1860,28/09/2023,6715,2_1_0,2_0_0,2_2_0
1861,28/09/2023,4796,1_1_1,1_1_3,0_1_1
1862,28/09/2023,9612,0_1_3,3_1_3,0_0_3
1863,28/09/2023,3766,0_0_0,3_0_3,1_0_0
1864,28/09/2023,1399,3_3_2,1_3_2,3_3_0
1865,28/09/2023,1570,1_3_0,2_3_0,2_0_0
1866,28/09/2023,3426,1_3_2,2_3_2,2_1_2
1867,28/09/2023,3074,2_3_2,1_3_2,2_3_0
1868,28/09/2023,8341,1_2_3,0_2_3,2_2_3
1869,28/09/2023,5180,2_0_1,2_0_3,2_1_1
1870,28/09/2023,6461,2_3_2,2_0_2,2_1_2
1871,28/09/2023,7679,3_1_3,0_1_3,1_1_3
1872,28/09/2023,10702,1_0_1,3_0_1,1_2_1
1873,28/09/2023,7505,1_3_3,2_2_3,2_0_3
1874,28/09/2023,5113,3_3_2,3_3_0,1_3_2
1875,28/09/2023,10858,1_0_0,1_0_2,1_3_0
1876,28/09/2023,2961,1_0_1,1_3_2,3_0_1
1877,28/09/2023,2747,1_3_2,3_3_2,0_0_0
1878,28/09/2023,3010,1_3_2,1_3_0,1_0_2
1879,28/09/2023,5790,3_2_1,0_2_1,3_2_3
1880,28/09/2023,6892,2_0_0,2_2_0,2_0_2
1881,28/09/2023,1743,3_3_1,3_3_2,3_3_0
1882,28/09/2023,3578,1_1_3,1_1_1,3_1_3
1883,28/09/2023,8462,0_3_1,0_3_3,0_1_1
1884,28/09/2023,5558,1_3_2,2_3_1,2_3_2
1885,28/09/2023,8780,2_3_1,2_1_1,2_3_2
1886,28/09/2023,10789,1_2_3,1_2_1,2_2_3
1887,28/09/2023,10779,3_1_3,1_1_3,0_1_3
1888,28/09/2023,5896,2_3_1,2_3_2,2_0_2
1889,28/09/2023,2337,3_2_1,0_2_1,0_2_3
1890,28/09/2023,10951,2_1_3,2_0_3,2_1_0
1891,28/09/2023,544,1_3_2,3_3_2,1_0_2
1892,28/09/2023,17,1_3_2,2_3_2,1_0_2
1893,28/09/2023,10680,2_0_1,2_2_1,2_0_3
1894,28/09/2023,3265,1_1_3,1_1_1,3_1_3
1895,28/09/2023,5623,0_3_1,1_3_1,1_0_1
1896,28/09/2023,5832,3_3_0,1_3_0,3_3_2
1897,28/09/2023,5544,2_3_0,1_3_0,2_0_0
1898,28/09/2023,6417,1_3_2,1_1_2,1_3_0
1899,28/09/2023,5831,1_3_2,1_2_2,1_0_2
1900,28/09/2023,7101,2_0_0,2_0_2,2_3_0
1901,28/09/2023,10176,1_2_3,1_2_0,1_2_1
1902,28/09/2023,2326,1_1_3,0_1_3,3_1_3
1903,28/09/2023,4385,1_0_1,3_0_1,1_2_1
1904,28/09/2023,2929,0_1_3,1_1_3,3_1_3
1905,28/09/2023,10686,2_1_1,1_1_1,2_1_3
1906,28/09/2023,2546,0_1_3,1_1_3,0_0_1
1907,28/09/2023,3283,0_1_2,3_1_2,3_3_2
1908,28/09/2023,3138,2_3_2,2_3_0,1_3_2
1909,28/09/2023,4994,2_3_2,1_3_2,2_1_2
1910,28/09/2023,7966,1_0_2,1_0_0,2_0_2
1911,28/09/2023,3112,3_1_3,0_1_3,1_1_3
1912,28/09/2023,10872,2_1_2,2_0_1,2_0_2
1913,28/09/2023,2181,3_3_0,3_3_2,1_3_0
1914,28/09/2023,1867,1_0_0,1_0_2,2_0_0
1915,28/09/2023,1518,1_0_0,2_0_0,1_0_2
1916,28/09/2023,5734,1_1_1,1_0_1,2_1_1
1917,28/09/2023,2878,1_1_1,1_3_1,1_1_3
1918,28/09/2023,1458,3_2_3,0_2_3,3_2_1
1919,28/09/2023,7007,3_0_3,0_2_3,3_0_1
1920,28/09/2023,6200,1_3_2,3_3_2,3_0_2
1921,28/09/2023,1403,3_1_3,0_1_3,1_1_3
1922,28/09/2023,4827,3_1_0,3_3_0,3_1_3
1923,28/09/2023,6250,2_0_2,2_3_2,2_1_2
1924,28/09/2023,9291,1_1_3,3_1_3,2_1_3
1925,28/09/2023,2478,3_1_3,0_1_3,1_1_3
1926,28/09/2023,1139,2_3_2,2_0_2,1_3_2
1927,28/09/2023,5138,1_1_1,3_1_1,1_1_3
1928,28/09/2023,5393,1_1_1,1_1_3,0_1_1
1929,28/09/2023,10413,3_3_2,1_3_2,3_3_0
1930,28/09/2023,5015,1_3_1,0_3_1,1_0_1
1931,28/09/2023,10868,3_3_2,3_1_2,1_3_2
1932,28/09/2023,10676,3_3_0,1_3_0,0_0_0
1933,28/09/2023,2495,3_3_0,1_3_0,3_0_2
1934,28/09/2023,7842,3_2_1,0_2_1,3_2_3
1935,28/09/2023,9955,1_2_3,1_0_3,3_2_3
1936,28/09/2023,6663,2_0_1,2_2_1,2_0_3
1937,28/09/2023,2162,1_1_3,1_1_2,1_3_3
1938,28/09/2023,3434,3_3_2,1_3_2,3_0_2
1939,28/09/2023,7919,1_0_0,2_0_0,1_3_0
1940,28/09/2023,5626,2_1_3,2_1_0,2_0_3
1941,28/09/2023,6428,1_3_0,3_3_0,1_0_2
1942,28/09/2023,8514,3_1_1,1_1_1,3_1_3
1943,28/09/2023,10448,1_2_1,1_2_2,0_2_1
1944,28/09/2023,2109,3_3_2,3_3_0,1_3_2
1945,28/09/2023,7530,1_2_3,1_2_1,2_2_3
1946,28/09/2023,8925,1_0_0,1_3_0,1_0_2
1947,28/09/2023,3009,2_0_0,2_3_0,1_0_0
1948,28/09/2023,6355,1_2_3,3_2_3,1_1_3
1949,28/09/2023,3517,3_2_3,0_2_3,1_2_3
1950,28/09/2023,1158,2_0_3,2_1_3,1_0_3
1951,28/09/2023,6203,3_3_2,3_3_0,1_3_2
1952,28/09/2023,7165,1_0_2,1_0_0,1_3_2
1953,28/09/2023,3595,1_3_0,1_3_2,2_3_0
1954,28/09/2023,8537,3_3_2,1_3_2,3_3_0
1955,28/09/2023,4331,1_3_0,2_3_0,1_3_2
1956,28/09/2023,6281,2_0_0,2_0_3,2_0_2
1957,28/09/2023,4338,2_1_3,1_1_3,2_1_1
1958,28/09/2023,2452,1_2_3,2_2_3,1_2_1
1959,28/09/2023,9507,2_0_3,1_3_3,1_0_3
1960,28/09/2023,8360,1_2_1,1_1_1,2_2_1
1961,28/09/2023,5117,3_3_3,0_3_3,0_0_0
1962,28/09/2023,4867,2_2_3,1_2_1,1_2_3
1963,28/09/2023,9289,1_0_3,1_2_3,1_1_3
1964,28/09/2023,10913,0_1_1,3_1_1,0_2_1
1965,28/09/2023,3032,3_0_1,0_2_1,3_2_1
1966,28/09/2023,8524,1_2_3,3_2_3,3_0_3
1967,28/09/2023,3334,3_3_0,1_3_0,1_3_2
1968,28/09/2023,4470,1_1_3,1_1_1,1_2_3
1969,28/09/2023,1406,2_2_2,2_2_3,1_2_0
1970,28/09/2023,8619,1_1_3,0_1_3,3_1_3
1971,28/09/2023,10821,2_2_3,2_0_3,1_2_3
1972,28/09/2023,4552,0_3_3,3_3_0,3_3_3
1973,28/09/2023,898,3_2_3,0_2_3,3_2_1
1974,28/09/2023,9797,1_1_3,1_3_3,1_3_0
1975,28/09/2023,10949,1_3_0,1_3_2,1_0_0
1976,28/09/2023,8212,1_2_1,1_1_1,1_0_1
1977,28/09/2023,6248,1_3_0,1_0_0,1_3_2
1978,28/09/2023,10164,1_3_2,1_0_2,3_3_2
1979,28/09/2023,4547,3_1_1,0_1_1,3_2_1
1980,28/09/2023,6815,1_3_0,1_0_0,1_0_2
1981,28/09/2023,4122,1_0_2,1_3_2,1_0_0
1982,28/09/2023,10841,1_1_3,1_0_3,1_1_1
1983,28/09/2023,5370,1_0_3,1_2_3,2_0_3
1984,28/09/2023,176,3_0_1,3_1_1,1_1_1
1985,28/09/2023,4860,3_1_1,0_1_1,1_1_1
1986,28/09/2023,10757,3_1_3,1_1_3,0_1_3
1987,28/09/2023,4023,0_2_3,3_2_3,0_0_3
1988,28/09/2023,6679,1_1_3,2_1_3,0_1_3
1989,28/09/2023,9923,2_2_3,2_1_3,1_2_1
1990,28/09/2023,7181,2_2_1,2_1_1,1_2_1
1991,28/09/2023,3599,1_0_2,3_0_2,3_3_2
1992,28/09/2023,405,2_0_1,2_3_1,2_0_3
1993,28/09/2023,6870,2_1_1,1_1_1,2_0_1
1994,28/09/2023,832,2_0_2,2_0_0,2_0_1
1995,28/09/2023,2002,3_3_2,3_3_0,1_3_2
1996,28/09/2023,3657,1_2_3,2_0_3,1_0_3
1997,28/09/2023,500,1_3_2,3_3_2,1_3_0
1998,28/09/2023,1951,3_0_2,1_0_2,0_2_1
1999,28/09/2023,3262,1_3_0,2_3_0,1_0_0
2000,28/09/2023,4102,1_1_3,0_1_3,2_1_3
2001,28/09/2023,7042,0_0_3,0_1_3,0_2_3
2002,28/09/2023,10598,3_2_1,3_2_3,0_2_1
2003,28/09/2023,255,2_1_3,2_2_3,2_1_1
2004,28/09/2023,2375,1_1_1,1_1_3,3_1_1
2005,28/09/2023,9829,3_2_3,0_2_3,3_2_1
2006,28/09/2023,6214,3_1_1,0_1_1,3_0_1
2007,28/09/2023,4954,3_2_1,1_2_1,0_2_1
2008,28/09/2023,7861,2_0_0,2_0_2,2_3_0
2009,28/09/2023,4837,2_3_2,2_0_2,1_0_2
2010,28/09/2023,9423,3_1_3,1_1_3,3_1_1
2011,28/09/2023,4198,1_1_3,0_1_3,0_2_1
2012,28/09/2023,153,1_1_3,0_1_3,3_1_3
2013,28/09/2023,9323,1_0_0,1_3_0,2_0_0
2014,28/09/2023,10001,0_2_1,0_2_3,0_1_1
2015,28/09/2023,3945,2_0_2,2_3_2,1_3_2
2016,28/09/2023,3799,3_1_0,1_0_0,1_3_0
2017,28/09/2023,8625,3_2_1,0_2_1,1_2_3
2018,28/09/2023,3491,3_0_0,3_0_2,1_0_0
2019,28/09/2023,983,0_0_1,3_0_1,1_0_1
2020,28/09/2023,9119,1_3_3,1_1_3,1_3_0
2021,28/09/2023,4786,1_0_2,1_3_2,1_0_1
2022,28/09/2023,5872,3_3_0,3_1_0,1_3_0
2023,28/09/2023,6568,3_1_1,0_1_1,0_1_3
2024,28/09/2023,5628,1_0_0,1_0_2,1_3_0
2025,28/09/2023,5631,3_3_1,3_3_2,1_0_1
2026,28/09/2023,4974,3_2_2,3_3_2,1_3_2
2027,28/09/2023,8416,3_2_3,0_2_3,3_1_3
2028,28/09/2023,5454,2_1_1,1_1_1,2_0_1
2029,28/09/2023,4095,1_2_1,1_2_2,0_2_1
2030,28/09/2023,5474,3_2_1,3_0_1,1_0_1
2031,28/09/2023,4268,2_0_1,2_0_3,2_1_1
2032,28/09/2023,10701,1_3_2,1_0_2,2_3_2
2033,28/09/2023,3507,1_3_0,1_3_2,3_3_0
2034,28/09/2023,2079,3_3_0,1_3_0,3_3_2
2035,28/09/2023,626,1_1_3,1_1_1,1_0_3
2036,28/09/2023,4426,2_2_0,2_2_2,2_2_3
2037,28/09/2023,2591,1_0_2,1_0_0,1_3_2
2038,28/09/2023,10509,2_0_3,2_2_3,1_0_3
2039,28/09/2023,6382,1_1_1,2_1_1,0_1_1
2040,28/09/2023,6673,0_0_1,0_2_3,1_0_1
2041,28/09/2023,7441,1_3_2,1_0_2,2_3_2
2042,28/09/2023,1071,1_1_0,1_0_0,1_3_0
2043,28/09/2023,10061,2_0_0,2_1_0,2_0_2
2044,28/09/2023,7187,1_3_2,1_2_2,1_1_2
2045,28/09/2023,8775,3_2_1,1_2_1,3_2_3
2046,28/09/2023,1612,1_0_1,3_0_1,1_2_1
2047,28/09/2023,2345,1_3_2,1_3_0,1_1_1
2048,28/09/2023,322,2_2_1,1_2_1,2_1_1
2049,28/09/2023,10897,1_0_2,1_3_2,2_3_2
2050,28/09/2023,123,1_3_2,1_3_0,2_3_2
2051,28/09/2023,6103,1_0_3,3_1_3,1_1_3
2052,28/09/2023,7899,2_3_2,2_0_2,1_3_2
2053,28/09/2023,10500,0_2_1,3_0_1,0_1_1
2054,28/09/2023,1655,3_1_1,1_1_1,0_1_1
2055,28/09/2023,2406,2_0_1,2_0_2,2_0_3
2056,28/09/2023,2712,3_0_2,3_3_2,3_1_2
2057,28/09/2023,5517,1_3_1,0_3_1,1_3_3
2058,28/09/2023,10643,3_1_0,3_1_3,3_0_2
2059,28/09/2023,2254,1_0_2,1_3_2,3_0_2
2060,28/09/2023,10281,3_3_0,3_0_0,3_3_3
2061,28/09/2023,6958,2_3_3,2_1_3,1_3_3
2062,28/09/2023,954,0_0_1,0_2_1,0_1_1
2063,28/09/2023,5079,2_2_1,2_2_3,2_1_1
2064,28/09/2023,10339,2_0_1,2_0_3,2_2_1
2065,28/09/2023,4643,0_2_3,3_2_3,0_0_3
2066,28/09/2023,3117,2_0_1,2_0_3,2_2_1
2067,28/09/2023,6497,2_0_3,2_0_1,2_1_3
2068,28/09/2023,5396,1_3_2,1_0_2,1_3_0
2069,28/09/2023,5250,3_3_2,1_3_2,3_1_1
2070,28/09/2023,1052,2_3_0,1_3_0,2_0_0
2071,28/09/2023,2802,3_3_2,3_3_0,1_3_2
2072,28/09/2023,6343,1_3_0,3_3_0,1_3_2
2073,28/09/2023,6507,3_1_3,1_1_3,0_1_3
2074,28/09/2023,7901,1_1_3,3_1_3,0_1_3
2075,28/09/2023,4865,1_2_0,1_2_3,1_2_1
2076,28/09/2023,2686,0_1_3,3_1_3,0_1_1
2077,28/09/2023,3107,3_1_3,1_1_3,3_3_0
2078,28/09/2023,7734,1_3_2,3_3_2,1_0_2
2079,28/09/2023,1146,1_0_0,1_3_0,2_0_0
2080,28/09/2023,11031,1_1_1,2_1_1,1_1_3
2081,28/09/2023,7428,3_3_0,3_3_2,1_3_0
2082,28/09/2023,975,2_2_3,1_0_3,1_2_3
2083,28/09/2023,1103,2_3_2,1_3_2,2_0_0
2084,28/09/2023,3422,2_3_2,1_3_2,2_0_2
2085,28/09/2023,1055,2_1_3,2_1_1,3_1_3
2086,28/09/2023,6544,1_3_2,1_3_0,1_0_2
2087,28/09/2023,1241,0_1_3,3_1_3,0_2_3
2088,28/09/2023,2909,2_0_2,2_3_2,2_0_0
2089,28/09/2023,5802,0_1_3,0_2_3,0_0_3
2090,28/09/2023,1407,0_2_3,0_2_1,0_1_3
2091,28/09/2023,6183,1_1_3,1_1_1,1_2_3
2092,28/09/2023,340,3_0_3,3_0_0,0_0_3
2093,28/09/2023,5991,2_0_3,2_2_3,1_0_3
2094,28/09/2023,3104,3_1_2,3_3_2,1_1_2
2095,28/09/2023,9729,1_0_0,1_2_2,3_0_0
2096,28/09/2023,1008,2_1_0,2_0_0,2_1_2
2097,28/09/2023,11091,3_1_1,1_1_1,3_1_3
2098,28/09/2023,3969,0_3_1,0_3_3,0_2_3
2099,28/09/2023,1916,1_0_1,1_2_1,1_2_0
2100,28/09/2023,9907,2_3_2,1_3_2,2_0_2
2101,28/09/2023,87,0_2_3,0_1_3,0_2_1
2102,28/09/2023,8659,2_3_2,2_3_0,2_0_2
2103,28/09/2023,6262,1_3_2,1_0_2,1_3_0
2104,28/09/2023,6147,0_3_1,0_1_1,3_1_1
2105,28/09/2023,8832,3_2_3,3_0_3,3_1_3
2106,28/09/2023,10067,1_1_1,3_1_1,1_1_3
2107,28/09/2023,7532,2_2_3,2_0_3,1_2_3
2108,28/09/2023,4915,3_1_2,0_1_1,3_1_1
2109,28/09/2023,2115,2_1_1,2_2_1,2_1_3
2110,28/09/2023,2088,1_3_2,2_3_2,3_3_2
2111,28/09/2023,2493,2_0_3,2_0_0,1_0_3
2112,28/09/2023,6292,2_1_2,2_3_2,1_1_2
2113,28/09/2023,1631,2_0_0,1_0_0,2_3_0
2114,28/09/2023,10104,1_1_1,1_1_3,3_1_1
2115,28/09/2023,3006,3_1_1,1_1_1,0_1_1
2116,28/09/2023,3919,1_3_2,3_3_2,1_3_0
2117,28/09/2023,642,0_2_1,0_2_3,0_0_1
2118,28/09/2023,4369,3_3_2,3_3_0,1_3_0
2119,28/09/2023,10127,2_0_3,2_0_1,2_0_0
2120,28/09/2023,271,2_2_3,2_0_0,2_3_0
2121,28/09/2023,4973,0_3_3,0_3_1,0_2_3
2122,28/09/2023,2948,1_3_1,1_1_1,2_3_1
2123,28/09/2023,2715,1_2_3,0_2_3,1_2_1
2124,28/09/2023,10432,3_1_3,0_1_3,1_1_3
2125,28/09/2023,9216,1_2_3,1_2_1,3_2_3
2126,28/09/2023,7124,1_2_1,1_1_1,0_2_1
2127,28/09/2023,9727,0_1_3,0_0_3,3_1_3
2128,28/09/2023,5136,2_2_2,2_0_2,2_0_0
2129,28/09/2023,9790,2_0_0,2_0_2,1_0_0
2130,28/09/2023,1818,2_0_3,2_1_3,2_2_3
2131,28/09/2023,1100,1_2_3,1_2_1,3_2_3
2132,28/09/2023,7873,1_2_3,1_1_3,1_0_3
2133,28/09/2023,10609,2_1_3,2_2_3,1_1_3
2134,28/09/2023,6950,1_2_3,1_2_1,2_2_3
2135,28/09/2023,7233,3_0_0,3_3_0,1_0_0
2136,28/09/2023,9481,0_2_1,0_2_3,3_2_1
2137,28/09/2023,7699,2_2_3,2_0_0,2_3_0
2138,28/09/2023,2711,3_1_3,0_1_3,1_1_3
2139,28/09/2023,8933,3_1_3,1_1_3,0_1_3
2140,28/09/2023,8726,1_2_1,3_2_1,1_0_3
2141,28/09/2023,1515,1_1_3,3_1_3,0_1_3
2142,28/09/2023,5186,2_0_2,2_3_2,2_0_0
2143,28/09/2023,10157,3_0_1,3_1_1,3_1_2
2144,28/09/2023,5667,1_3_2,1_0_2,2_3_2
2145,28/09/2023,902,2_0_1,2_2_1,2_0_3
2146,28/09/2023,977,1_2_3,1_2_0,1_1_3
2147,28/09/2023,7313,3_3_2,1_3_2,3_3_0
2148,28/09/2023,7600,0_1_3,0_2_3,3_1_3
2149,28/09/2023,9706,2_2_1,2_1_1,2_2_3
2150,28/09/2023,2429,1_3_0,1_0_0,2_3_0
2151,28/09/2023,3520,3_3_2,3_3_0,1_3_2
2152,28/09/2023,10394,1_3_2,1_3_0,3_3_2
2153,28/09/2023,4548,1_1_1,0_1_1,2_1_1
2154,28/09/2023,9362,2_0_0,2_0_3,2_0_2
2155,28/09/2023,3968,2_0_2,2_0_0,2_2_2
2156,28/09/2023,4084,3_3_0,3_1_0,1_0_0
2157,28/09/2023,6721,1_0_0,1_0_2,2_0_0
2158,28/09/2023,2829,2_0_0,2_0_2,2_2_2
2159,28/09/2023,1772,1_3_0,3_3_0,1_0_0
2160,28/09/2023,1544,3_1_2,1_1_2,3_3_0
2161,28/09/2023,492,2_0_3,1_2_3,2_1_3
2162,28/09/2023,4377,2_0_3,2_0_0,2_0_2
2163,28/09/2023,4541,1_1_1,1_2_1,1_0_1
2164,28/09/2023,1321,1_2_3,1_2_1,1_0_1
2165,28/09/2023,8858,2_0_2,2_2_2,2_0_0
2166,28/09/2023,3266,0_1_1,0_2_1,3_1_1
2167,28/09/2023,11187,0_2_3,0_1_3,0_2_1
2168,28/09/2023,8207,2_1_3,1_1_3,2_0_3
2169,28/09/2023,9723,1_1_0,1_0_0,1_3_0
2170,28/09/2023,2666,1_0_0,1_1_0,1_3_0
2171,28/09/2023,5721,3_3_2,3_3_0,3_0_2
2172,28/09/2023,10652,3_3_2,3_3_0,1_3_0
2173,28/09/2023,1646,0_1_3,0_2_3,3_2_3
2174,28/09/2023,4418,3_3_0,1_3_0,3_3_2
2175,28/09/2023,2656,1_3_1,0_3_1,2_3_1
2176,28/09/2023,7990,1_1_3,1_0_3,1_1_1
2177,28/09/2023,8722,3_3_0,1_3_0,3_3_2
2178,28/09/2023,7118,1_0_2,1_3_2,1_0_0
2179,28/09/2023,2980,3_2_1,0_3_1,1_2_1
2180,28/09/2023,1839,1_0_3,3_1_3,1_1_3
2181,28/09/2023,10722,1_3_1,1_0_1,1_3_2
2182,28/09/2023,2632,2_2_3,2_0_3,2_2_0
2183,28/09/2023,9014,1_2_1,1_2_3,2_2_1
2184,28/09/2023,7620,0_3_1,0_2_1,0_3_3
2185,28/09/2023,10968,3_3_0,1_3_0,3_0_0
2186,28/09/2023,11133,2_0_3,2_0_2,2_1_3
2187,28/09/2023,2736,1_3_2,1_0_2,3_1_2
2188,28/09/2023,1876,1_1_3,0_1_3,3_1_3
2189,28/09/2023,5959,2_2_1,2_2_3,2_1_1
2190,28/09/2023,1092,3_0_0,1_0_0,3_3_0
2191,28/09/2023,4333,2_2_1,2_2_3,2_1_1
2192,28/09/2023,3850,0_1_1,0_1_3,3_1_1
2193,28/09/2023,6168,2_2_3,2_1_3,1_2_3
2194,28/09/2023,607,1_2_0,1_2_3,2_2_0
2195,28/09/2023,10469,3_0_0,3_3_0,1_0_0
2196,28/09/2023,6983,1_2_3,1_0_3,1_1_3
2197,28/09/2023,3661,3_3_0,1_3_0,3_3_2
2198,28/09/2023,692,3_1_1,0_1_1,1_1_1
2199,28/09/2023,736,3_2_1,0_2_1,3_2_3
2200,28/09/2023,9589,3_3_2,1_3_2,3_0_2
2201,28/09/2023,4838,3_1_3,1_1_3,0_1_3
2202,28/09/2023,9246,1_0_1,1_2_1,3_0_1
2203,28/09/2023,6261,1_1_1,1_1_2,1_3_1
2204,28/09/2023,7366,1_3_0,3_3_0,1_1_0
2205,28/09/2023,10659,0_2_3,0_2_1,0_0_3
2206,28/09/2023,1448,1_2_3,3_2_3,1_2_1
2207,28/09/2023,4286,2_3_0,2_0_0,2_3_2
2208,28/09/2023,4749,2_0_2,2_2_2,2_0_0
2209,28/09/2023,4478,2_2_2,2_0_2,2_0_0
2210,28/09/2023,4201,1_2_3,1_2_0,1_2_2
2211,28/09/2023,10084,0_2_3,3_2_3,0_2_1
2212,28/09/2023,7004,3_2_1,0_2_1,1_2_1
2213,28/09/2023,9817,2_0_2,2_1_2,2_0_0
2214,28/09/2023,8080,3_1_1,0_1_1,3_1_3
2215,28/09/2023,9432,3_2_3,0_2_3,0_2_1
2216,28/09/2023,8372,0_1_1,3_1_1,0_1_3
2217,28/09/2023,10870,1_0_0,2_0_0,1_0_2
2218,28/09/2023,4001,2_2_2,2_0_2,2_2_1
2219,28/09/2023,7270,2_1_2,2_0_2,2_3_0
2220,28/09/2023,8235,1_3_0,1_0_0,2_3_0
2221,28/09/2023,9405,1_2_3,1_2_1,2_2_3
